student_id,password,email,first_name,last_name,gender,phone_number,institution_name,faculty_name,program_code,part,status,address,E3,CSC662,E4,CSC650,ICT652,dl_1_p6,dl_2_p6,dl_3_p6,dl_4_p6,dl_5_p6,prog_1_p6,prog_2_p6,prog_3_p6,prog_4_p6,prog_5_p6,ds_1_p6,ds_2_p6,ds_3_p6,ds_4_p6,ds_5_p6,CSC580,CSC645,CSC649,CSP600,ENT600,E2,FL3,dl_1_p5,dl_2_p5,dl_3_p5,dl_4_p5,dl_5_p5,prog_1_p5,prog_2_p5,prog_3_p5,prog_4_p5,prog_5_p5,ds_1_p5,ds_2_p5,ds_3_p5,ds_4_p5,ds_5_p5,CSC508,CSC569,CSC577,CSC584,ELC650,E1,FL2,dl_1_p4,dl_2_p4,dl_3_p4,dl_4_p4,dl_5_p4,prog_1_p4,prog_2_p4,prog_3_p4,prog_4_p4,prog_5_p4,ds_1_p4,ds_2_p4,ds_3_p4,ds_4_p4,ds_5_p4,CSC435,CSC510,CSC520,CSC583,ELC501,C3,MAT423,FL1,dl_1_p3,dl_2_p3,dl_3_p3,dl_4_p3,dl_5_p3,prog_1_p3,prog_2_p3,prog_3_p3,prog_4_p3,prog_5_p3,ds_1_p3,ds_2_p3,ds_3_p3,ds_4_p3,ds_5_p3,CSC404,CTU554,C2,ICT502,ITT400,MAT421,STA416,dl_1_p2,dl_2_p2,dl_3_p2,dl_4_p2,dl_5_p2,prog_1_p2,prog_2_p2,prog_3_p2,prog_4_p2,prog_5_p2,ds_1_p2,ds_2_p2,ds_3_p2,ds_4_p2,ds_5_p2,CSC402,CSC413,CSC429,CTU552,C1,ICT450,MAT406,dl_1_p1,dl_2_p1,dl_3_p1,dl_4_p1,dl_5_p1,prog_1_p1,prog_2_p1,prog_3_p1,prog_4_p1,prog_5_p1,ds_1_p1,ds_2_p1,ds_3_p1,ds_4_p1,ds_5_p1
2022531233,123,student1@gmail.com,Ahmad,Latif,Male,012-6513875,UiTM Kampus Jasin,FSKM,CDCS230,4,Incomplete,UiTM Kampus Jasin,,,,,,,,,,,,,,,,,,,,,,,,,,,,,,,,,,,,,,,,,,,,,,,,,,,,,,,,,,,,,,,,,A-,A-,A,A,A,A,C-,B-,2.0,2.0,1.0,1.0,1.0,2.0,1.0,2.0,2.0,2.0,1.0,1.0,2.0,2.0,1.0,B+,A,A,B,A+,C+,D+,2.0,5.0,3.0,3.0,5.0,3.0,3.0,5.0,4.0,5.0,1.0,2.0,3.0,4.0,4.0,A,B+,A-,A,A+,C,A+,4.0,3.0,1.0,4.0,1.0,4.0,3.0,3.0,5.0,2.0,2.0,3.0,2.0,1.0,1.0
2023347626,123,student2@gmail.com,Farah,Latif,Female,016-9564143,UiTM Kampus Jasin,FSKM,CDCS230,6,Incomplete,UiTM Kampus Jasin,,,,,,,,,,,,,,,,,,,,,A-,B+,B+,C,A-,B+,B+,3.0,5.0,5.0,3.0,3.0,4.0,4.0,3.0,5.0,5.0,4.0,3.0,3.0,4.0,5.0,B+,B,B,B,B,A-,A+,5.0,2.0,5.0,2.0,4.0,4.0,3.0,5.0,3.0,1.0,4.0,1.0,3.0,3.0,3.0,B,B,A-,B,D+,B,D+,A,2.0,1.0,4.0,5.0,4.0,3.0,4.0,5.0,3.0,1.0,3.0,1.0,5.0,3.0,5.0,A-,B,B+,C-,B+,A,A,1.0,3.0,1.0,5.0,1.0,5.0,2.0,5.0,1.0,1.0,2.0,5.0,5.0,5.0,4.0,B,B,B+,B,B+,B+,A,4.0,5.0,5.0,3.0,5.0,2.0,2.0,2.0,2.0,5.0,5.0,4.0,1.0,1.0,4.0
2022408922,123,student3@gmail.com,Danial,Yusof,Male,018-7756436,UiTM Kampus Jasin,FSKM,CDCS230,4,Incomplete,UiTM Kampus Jasin,,,,,,,,,,,,,,,,,,,,,,,,,,,,,,,,,,,,,,,,,,,,,,,,,,,,,,,,,,,,,,,,,B-,C,C,B-,B-,C,B-,B-,4.0,4.0,5.0,5.0,4.0,5.0,4.0,4.0,3.0,5.0,5.0,3.0,5.0,3.0,4.0,C+,C+,C+,C,D+,D+,A,2.0,5.0,1.0,4.0,5.0,5.0,2.0,1.0,3.0,2.0,4.0,4.0,4.0,4.0,4.0,B-,C+,C+,B-,C,A-,A+,3.0,1.0,4.0,1.0,5.0,2.0,3.0,2.0,3.0,5.0,1.0,4.0,5.0,1.0,3.0
2023245644,123,student4@gmail.com,Liyana,Rahman,Female,011-07456242,UiTM Kampus Jasin,FSKM,CDCS230,6,Incomplete,UiTM Kampus Jasin,,,,,,,,,,,,,,,,,,,,,A,A,B+,A+,C+,A,A,1.0,2.0,2.0,1.0,2.0,2.0,1.0,2.0,2.0,2.0,2.0,1.0,1.0,1.0,2.0,A,A+,A-,A-,C-,B+,B+,3.0,3.0,2.0,3.0,5.0,5.0,2.0,1.0,1.0,2.0,1.0,1.0,2.0,5.0,5.0,A,A-,A,A-,A,A-,C+,C,1.0,2.0,5.0,4.0,5.0,3.0,4.0,4.0,2.0,3.0,4.0,1.0,2.0,5.0,2.0,B+,A-,A+,A+,C,B,A,1.0,4.0,4.0,5.0,2.0,3.0,3.0,3.0,2.0,4.0,4.0,3.0,5.0,5.0,1.0,A+,A-,A,B+,A,A+,A,5.0,3.0,4.0,1.0,4.0,4.0,4.0,4.0,2.0,3.0,3.0,4.0,4.0,1.0,1.0
2023239892,123,student5@gmail.com,Aqil,Abdullah,Male,016-9776309,UiTM Kampus Jasin,FSKM,CDCS230,4,Incomplete,UiTM Kampus Jasin,,,,,,,,,,,,,,,,,,,,,,,,,,,,,,,,,,,,,,,,,,,,,,,,,,,,,,,,,,,,,,,,,C,C,B-,B-,D+,C+,C+,B,4.0,4.0,3.0,5.0,5.0,5.0,5.0,3.0,5.0,4.0,5.0,5.0,4.0,4.0,4.0,C,C,B-,A,C,A+,B-,5.0,2.0,2.0,2.0,1.0,3.0,5.0,3.0,5.0,5.0,4.0,1.0,5.0,3.0,5.0,B-,C,B-,C,C+,C+,A+,1.0,5.0,2.0,5.0,2.0,3.0,4.0,2.0,2.0,5.0,5.0,4.0,3.0,1.0,3.0
2025946969,123,student6@gmail.com,Ahmad,Latif,Male,019-8123518,UiTM Kampus Jasin,FSKM,CDCS230,5,Incomplete,UiTM Kampus Jasin,,,,,,,,,,,,,,,,,,,,,,,,,,,,,,,,,,,,,,,,,,,A-,A+,A,A+,C-,A,C-,1.0,2.0,1.0,2.0,1.0,2.0,1.0,2.0,2.0,1.0,1.0,1.0,1.0,2.0,2.0,A-,A-,A,B+,C,A,C,B,4.0,2.0,3.0,1.0,1.0,4.0,5.0,2.0,3.0,1.0,4.0,3.0,4.0,5.0,5.0,A,B+,A+,A+,A,A-,C,1.0,2.0,1.0,5.0,3.0,3.0,3.0,2.0,2.0,5.0,2.0,2.0,1.0,5.0,1.0,B+,A+,A+,B+,B+,B-,A+,2.0,1.0,3.0,1.0,3.0,4.0,4.0,3.0,3.0,1.0,2.0,4.0,2.0,3.0,1.0
2025586863,123,student7@gmail.com,Danial,Latif,Male,010-7047087,UiTM Kampus Jasin,FSKM,CDCS230,2,Incomplete,UiTM Kampus Jasin,,,,,,,,,,,,,,,,,,,,,,,,,,,,,,,,,,,,,,,,,,,,,,,,,,,,,,,,,,,,,,,,,,,,,,,,,,,,,,,,,,,,,,,,,,,,,,,,,,,,,,,,,,,,,,A-,A-,B+,B,B+,A+,B+,1.0,2.0,1.0,1.0,2.0,1.0,1.0,2.0,1.0,1.0,1.0,2.0,1.0,1.0,2.0
2023292816,123,student8@gmail.com,Hannah,Khalid,Female,011-14952511,UiTM Kampus Jasin,FSKM,CDCS230,5,Incomplete,UiTM Kampus Jasin,,,,,,,,,,,,,,,,,,,,,,,,,,,,,,,,,,,,,,,,,,,A+,A+,A,A+,D+,B+,C+,1.0,2.0,1.0,1.0,1.0,2.0,2.0,1.0,2.0,1.0,1.0,1.0,2.0,2.0,2.0,A+,A,A-,A,B,A,D+,C-,5.0,4.0,5.0,1.0,5.0,1.0,4.0,4.0,3.0,3.0,1.0,2.0,3.0,4.0,3.0,A+,A,B+,C+,C,A-,C+,1.0,4.0,5.0,1.0,1.0,1.0,5.0,1.0,5.0,1.0,5.0,4.0,3.0,4.0,4.0,A-,A+,B+,B+,A-,A+,B+,5.0,5.0,2.0,2.0,1.0,2.0,3.0,5.0,5.0,3.0,4.0,5.0,5.0,3.0,2.0
2025198932,123,student9@gmail.com,Irfan,Yusof,Male,017-0416166,UiTM Kampus Jasin,FSKM,CDCS230,1,Incomplete,UiTM Kampus Jasin,,,,,,,,,,,,,,,,,,,,,,,,,,,,,,,,,,,,,,,,,,,,,,,,,,,,,,,,,,,,,,,,,,,,,,,,,,,,,,,,,,,,,,,,,,,,,,,,,,,,,,,,,,,,,,,,,,,,,,,,,,,,,,,,,,,
2025951492,123,student10@gmail.com,Ahmad,Latif,Male,017-0840675,UiTM Kampus Jasin,FSKM,CDCS230,2,Incomplete,UiTM Kampus Jasin,,,,,,,,,,,,,,,,,,,,,,,,,,,,,,,,,,,,,,,,,,,,,,,,,,,,,,,,,,,,,,,,,,,,,,,,,,,,,,,,,,,,,,,,,,,,,,,,,,,,,,,,,,,,,,B+,A,B+,A-,A,A,A-,5.0,3.0,4.0,5.0,5.0,5.0,5.0,3.0,5.0,5.0,5.0,3.0,3.0,5.0,5.0
2024903522,123,student11@gmail.com,Hannah,Khalid,Female,013-6734087,UiTM Kampus Jasin,FSKM,CDCS230,6,Incomplete,UiTM Kampus Jasin,,,,,,,,,,,,,,,,,,,,,B+,B+,A,C-,C,B+,C,1.0,2.0,1.0,2.0,1.0,2.0,2.0,1.0,2.0,2.0,1.0,2.0,1.0,1.0,1.0,A-,B+,A,A+,A-,A+,A,4.0,4.0,3.0,4.0,2.0,1.0,2.0,5.0,1.0,3.0,1.0,5.0,2.0,3.0,3.0,A-,A-,A-,A,C-,A+,C,C,1.0,1.0,4.0,3.0,2.0,5.0,5.0,3.0,1.0,2.0,1.0,2.0,1.0,2.0,1.0,A-,B+,B+,A+,C,B+,A-,1.0,2.0,5.0,3.0,1.0,1.0,1.0,3.0,3.0,4.0,2.0,5.0,5.0,4.0,2.0,A,A-,A+,A,A-,B+,C-,3.0,3.0,1.0,1.0,3.0,5.0,3.0,3.0,3.0,4.0,3.0,5.0,1.0,4.0,2.0
2022444426,123,student12@gmail.com,Aisyah,Yusof,Female,010-8902641,UiTM Kampus Jasin,FSKM,CDCS230,3,Incomplete,UiTM Kampus Jasin,,,,,,,,,,,,,,,,,,,,,,,,,,,,,,,,,,,,,,,,,,,,,,,,,,,,,,,,,,,,,,,,,,,,,,,,,,,,,,,,,,,,,,,,B-,B-,B-,C+,B,B-,C-,5.0,4.0,4.0,5.0,3.0,5.0,5.0,5.0,5.0,3.0,3.0,4.0,5.0,5.0,3.0,B,A-,A-,A-,B+,D+,C+,1.0,1.0,4.0,4.0,4.0,1.0,4.0,3.0,1.0,4.0,3.0,4.0,5.0,3.0,1.0
2022157395,123,student13@gmail.com,Hannah,Yusof,Female,018-1817398,UiTM Kampus Jasin,FSKM,CDCS230,6,Incomplete,UiTM Kampus Jasin,,,,,,,,,,,,,,,,,,,,,B,B,B,B+,D+,B,B+,3.0,3.0,3.0,2.0,2.0,3.0,4.0,2.0,2.0,3.0,3.0,1.0,2.0,1.0,5.0,B,B,A-,A-,C+,A-,C,4.0,4.0,1.0,1.0,1.0,5.0,1.0,1.0,4.0,2.0,1.0,2.0,1.0,2.0,1.0,A-,B,B,A-,B-,A-,A-,B-,5.0,4.0,3.0,2.0,1.0,3.0,2.0,3.0,4.0,3.0,3.0,2.0,4.0,1.0,5.0,B,B+,B,B-,A,C+,A-,3.0,5.0,4.0,1.0,2.0,3.0,3.0,2.0,1.0,4.0,1.0,3.0,2.0,5.0,2.0,A-,B+,B,B+,A-,D+,C+,1.0,2.0,4.0,1.0,5.0,5.0,1.0,3.0,1.0,3.0,5.0,4.0,2.0,2.0,2.0
2024472724,123,student14@gmail.com,Amira,Hassan,Female,019-7725273,UiTM Kampus Jasin,FSKM,CDCS230,5,Incomplete,UiTM Kampus Jasin,,,,,,,,,,,,,,,,,,,,,,,,,,,,,,,,,,,,,,,,,,,C+,C+,C,B-,C-,C+,C+,2.0,1.0,1.0,2.0,2.0,1.0,1.0,1.0,2.0,2.0,2.0,2.0,1.0,2.0,1.0,C+,C,C,C,A+,C,C-,A-,2.0,2.0,3.0,1.0,1.0,5.0,2.0,4.0,5.0,3.0,3.0,4.0,2.0,1.0,3.0,C,C+,C,B,C-,B,C,3.0,1.0,3.0,2.0,1.0,1.0,3.0,2.0,4.0,2.0,1.0,2.0,3.0,1.0,2.0,B-,C,C,C,B-,A,C+,1.0,1.0,5.0,5.0,2.0,1.0,1.0,3.0,3.0,3.0,1.0,5.0,1.0,5.0,2.0
2023550576,123,student15@gmail.com,Danial,Hassan,Male,014-0495196,UiTM Kampus Jasin,FSKM,CDCS230,4,Incomplete,UiTM Kampus Jasin,,,,,,,,,,,,,,,,,,,,,,,,,,,,,,,,,,,,,,,,,,,,,,,,,,,,,,,,,,,,,,,,,C,C,C+,B-,B,C+,A,B+,5.0,3.0,4.0,5.0,4.0,5.0,3.0,4.0,4.0,5.0,4.0,5.0,3.0,4.0,3.0,C+,B-,C+,D+,A-,A-,A,3.0,4.0,3.0,5.0,2.0,1.0,3.0,5.0,4.0,2.0,3.0,2.0,5.0,3.0,1.0,C,B-,C,C+,C+,A-,C,1.0,4.0,5.0,1.0,1.0,1.0,4.0,4.0,4.0,3.0,1.0,1.0,1.0,1.0,1.0
2022712084,123,student16@gmail.com,Farah,Khalid,Female,013-4597647,UiTM Kampus Jasin,FSKM,CDCS230,1,Incomplete,UiTM Kampus Jasin,,,,,,,,,,,,,,,,,,,,,,,,,,,,,,,,,,,,,,,,,,,,,,,,,,,,,,,,,,,,,,,,,,,,,,,,,,,,,,,,,,,,,,,,,,,,,,,,,,,,,,,,,,,,,,,,,,,,,,,,,,,,,,,,,,,
2024215714,123,student17@gmail.com,Ahmad,Hassan,Male,013-3443492,UiTM Kampus Jasin,FSKM,CDCS230,2,Incomplete,UiTM Kampus Jasin,,,,,,,,,,,,,,,,,,,,,,,,,,,,,,,,,,,,,,,,,,,,,,,,,,,,,,,,,,,,,,,,,,,,,,,,,,,,,,,,,,,,,,,,,,,,,,,,,,,,,,,,,,,,,,C,C+,C,B-,B-,C,C-,5.0,3.0,5.0,3.0,5.0,3.0,4.0,4.0,4.0,5.0,3.0,5.0,3.0,5.0,4.0
2025808123,123,student18@gmail.com,Hakim,Latif,Male,010-2889839,UiTM Kampus Jasin,FSKM,CDCS230,5,Incomplete,UiTM Kampus Jasin,,,,,,,,,,,,,,,,,,,,,,,,,,,,,,,,,,,,,,,,,,,A-,B+,A-,A+,C+,A+,A-,4.0,4.0,4.0,3.0,3.0,4.0,4.0,4.0,4.0,3.0,4.0,4.0,4.0,4.0,3.0,A-,A,A+,A,A+,A,B-,B-,3.0,5.0,2.0,1.0,4.0,5.0,3.0,5.0,5.0,4.0,1.0,2.0,3.0,3.0,5.0,A-,A+,A+,B+,A-,B+,C,3.0,4.0,1.0,5.0,2.0,5.0,1.0,5.0,2.0,1.0,3.0,1.0,2.0,5.0,3.0,A,A,A-,B+,A,C+,B+,2.0,2.0,3.0,1.0,3.0,4.0,5.0,4.0,4.0,5.0,4.0,1.0,1.0,3.0,4.0
2023518754,123,student19@gmail.com,Farah,Latif,Female,010-0971471,UiTM Kampus Jasin,FSKM,CDCS230,2,Incomplete,UiTM Kampus Jasin,,,,,,,,,,,,,,,,,,,,,,,,,,,,,,,,,,,,,,,,,,,,,,,,,,,,,,,,,,,,,,,,,,,,,,,,,,,,,,,,,,,,,,,,,,,,,,,,,,,,,,,,,,,,,,B+,A-,B+,B+,B,B-,C,2.0,1.0,2.0,1.0,1.0,1.0,2.0,1.0,1.0,1.0,1.0,2.0,1.0,2.0,2.0
2023769357,123,student20@gmail.com,Hannah,Hassan,Female,016-8207953,UiTM Kampus Jasin,FSKM,CDCS230,3,Incomplete,UiTM Kampus Jasin,,,,,,,,,,,,,,,,,,,,,,,,,,,,,,,,,,,,,,,,,,,,,,,,,,,,,,,,,,,,,,,,,,,,,,,,,,,,,,,,,,,,,,,,A-,A-,A,A+,A+,A+,C-,5.0,5.0,3.0,4.0,3.0,5.0,5.0,5.0,4.0,3.0,3.0,5.0,3.0,4.0,5.0,B-,C,B-,C+,C+,C,B+,3.0,1.0,4.0,1.0,5.0,1.0,2.0,5.0,4.0,1.0,4.0,3.0,5.0,2.0,1.0
2025360835,123,student21@gmail.com,Zulaikha,Latif,Female,019-2172539,UiTM Kampus Jasin,FSKM,CDCS230,4,Incomplete,UiTM Kampus Jasin,,,,,,,,,,,,,,,,,,,,,,,,,,,,,,,,,,,,,,,,,,,,,,,,,,,,,,,,,,,,,,,,,A,A-,A-,B+,A,B+,B-,B,3.0,4.0,5.0,5.0,5.0,5.0,3.0,4.0,4.0,3.0,3.0,4.0,5.0,4.0,4.0,B+,A,A+,A+,C+,A-,A,5.0,3.0,1.0,1.0,2.0,4.0,3.0,1.0,2.0,2.0,4.0,1.0,3.0,4.0,4.0,A+,B+,A,A-,A-,A,B-,5.0,5.0,5.0,3.0,5.0,1.0,5.0,5.0,2.0,4.0,1.0,1.0,2.0,5.0,2.0
2022580202,123,student22@gmail.com,Kamal,Khalid,Male,011-30366942,UiTM Kampus Jasin,FSKM,CDCS230,4,Incomplete,UiTM Kampus Jasin,,,,,,,,,,,,,,,,,,,,,,,,,,,,,,,,,,,,,,,,,,,,,,,,,,,,,,,,,,,,,,,,,B+,A,A-,B+,B+,A,D+,B+,1.0,1.0,2.0,1.0,2.0,1.0,1.0,1.0,1.0,2.0,2.0,2.0,1.0,1.0,1.0,A,A,B+,B,B+,C+,A-,4.0,3.0,2.0,4.0,1.0,4.0,3.0,5.0,3.0,1.0,5.0,1.0,4.0,2.0,1.0,B+,B+,B+,B+,B+,A-,D+,3.0,5.0,4.0,5.0,4.0,5.0,3.0,2.0,5.0,3.0,3.0,5.0,5.0,2.0,3.0
2023112945,123,student23@gmail.com,Kamal,Khalid,Male,010-0883129,UiTM Kampus Jasin,FSKM,CDCS230,7,Incomplete,UiTM Kampus Jasin,B+,A+,C+,A,A,1.0,2.0,2.0,1.0,2.0,2.0,1.0,2.0,2.0,2.0,2.0,1.0,1.0,1.0,2.0,C,C,B-,C+,A-,C+,B+,2.0,5.0,1.0,2.0,5.0,2.0,3.0,1.0,2.0,4.0,2.0,2.0,4.0,1.0,1.0,C,B-,B-,B-,B-,C,D+,4.0,2.0,2.0,2.0,4.0,1.0,4.0,4.0,4.0,4.0,4.0,5.0,3.0,1.0,4.0,B-,C+,B-,C,D+,C,C+,A,1.0,3.0,3.0,2.0,1.0,5.0,2.0,3.0,1.0,2.0,4.0,3.0,4.0,1.0,5.0,C+,C+,B-,C,B-,A-,B-,5.0,5.0,2.0,1.0,2.0,4.0,2.0,3.0,2.0,1.0,1.0,2.0,3.0,4.0,4.0,C,B-,C,C+,B-,C+,B+,4.0,3.0,5.0,2.0,4.0,1.0,3.0,3.0,3.0,4.0,4.0,2.0,3.0,5.0,1.0
2023920481,123,student24@gmail.com,Aqil,Ismail,Male,011-87870234,UiTM Kampus Jasin,FSKM,CDCS230,1,Incomplete,UiTM Kampus Jasin,,,,,,,,,,,,,,,,,,,,,,,,,,,,,,,,,,,,,,,,,,,,,,,,,,,,,,,,,,,,,,,,,,,,,,,,,,,,,,,,,,,,,,,,,,,,,,,,,,,,,,,,,,,,,,,,,,,,,,,,,,,,,,,,,,,
2025364361,123,student25@gmail.com,Siti,Ismail,Female,018-8394849,UiTM Kampus Jasin,FSKM,CDCS230,5,Incomplete,UiTM Kampus Jasin,,,,,,,,,,,,,,,,,,,,,,,,,,,,,,,,,,,,,,,,,,,A-,A+,B+,A,C+,A+,B-,2.0,2.0,1.0,1.0,2.0,2.0,1.0,1.0,1.0,2.0,1.0,2.0,2.0,2.0,1.0,A-,A-,A,B+,A-,A-,D+,A,5.0,3.0,2.0,5.0,5.0,4.0,5.0,4.0,5.0,2.0,1.0,5.0,5.0,4.0,2.0,A+,A-,A+,C-,D+,A-,B,2.0,2.0,4.0,5.0,1.0,1.0,3.0,4.0,4.0,5.0,3.0,5.0,2.0,1.0,1.0,B+,A-,A-,B+,A,A-,A-,1.0,4.0,2.0,5.0,4.0,5.0,3.0,5.0,2.0,4.0,5.0,4.0,2.0,4.0,3.0
2025404599,123,student26@gmail.com,Siti,Rahman,Female,013-5787503,UiTM Kampus Jasin,FSKM,CDCS230,6,Incomplete,UiTM Kampus Jasin,,,,,,,,,,,,,,,,,,,,,A-,B+,B,D+,B,B,A+,5.0,5.0,5.0,5.0,5.0,5.0,5.0,3.0,3.0,4.0,4.0,4.0,4.0,3.0,3.0,B+,A-,A-,B+,B,B+,B+,4.0,2.0,3.0,5.0,1.0,2.0,4.0,1.0,1.0,1.0,2.0,3.0,4.0,3.0,1.0,B+,B+,B+,B,B+,B+,A+,A-,5.0,5.0,5.0,1.0,5.0,3.0,3.0,2.0,4.0,1.0,2.0,5.0,1.0,1.0,1.0,B,A-,B+,A,A+,B-,B,1.0,1.0,4.0,3.0,4.0,3.0,4.0,4.0,4.0,3.0,4.0,1.0,3.0,1.0,5.0,B+,B+,A-,B,B,C-,A,2.0,4.0,4.0,2.0,5.0,2.0,3.0,2.0,2.0,2.0,2.0,4.0,5.0,1.0,3.0
2022273578,123,student27@gmail.com,Hannah,Rahman,Female,014-3167198,UiTM Kampus Jasin,FSKM,CDCS230,6,Incomplete,UiTM Kampus Jasin,,,,,,,,,,,,,,,,,,,,,B,B+,A-,A,B-,B,A,5.0,3.0,5.0,3.0,4.0,4.0,3.0,5.0,3.0,3.0,3.0,5.0,4.0,3.0,4.0,A-,B,A-,A-,B-,B+,B-,4.0,2.0,3.0,4.0,1.0,2.0,4.0,1.0,1.0,4.0,1.0,3.0,3.0,3.0,3.0,B+,B,A-,A-,A,B+,A,B,1.0,4.0,1.0,2.0,4.0,5.0,5.0,4.0,2.0,5.0,5.0,1.0,3.0,3.0,1.0,B+,B,B,B+,A,D+,B+,1.0,3.0,1.0,2.0,3.0,2.0,1.0,1.0,1.0,5.0,4.0,2.0,4.0,4.0,3.0,B+,B,A-,B,B+,B-,D+,3.0,2.0,2.0,3.0,2.0,3.0,3.0,4.0,5.0,4.0,4.0,5.0,4.0,3.0,3.0
2023029621,123,student28@gmail.com,Hakim,Hassan,Male,018-5062828,UiTM Kampus Jasin,FSKM,CDCS230,2,Incomplete,UiTM Kampus Jasin,,,,,,,,,,,,,,,,,,,,,,,,,,,,,,,,,,,,,,,,,,,,,,,,,,,,,,,,,,,,,,,,,,,,,,,,,,,,,,,,,,,,,,,,,,,,,,,,,,,,,,,,,,,,,,C,C,C,B-,B-,C,C+,3.0,3.0,5.0,5.0,5.0,5.0,4.0,5.0,5.0,5.0,4.0,4.0,4.0,4.0,4.0
2024588430,123,student29@gmail.com,Irfan,Khalid,Male,017-0802429,UiTM Kampus Jasin,FSKM,CDCS230,2,Incomplete,UiTM Kampus Jasin,,,,,,,,,,,,,,,,,,,,,,,,,,,,,,,,,,,,,,,,,,,,,,,,,,,,,,,,,,,,,,,,,,,,,,,,,,,,,,,,,,,,,,,,,,,,,,,,,,,,,,,,,,,,,,A,A+,A-,A-,A-,C-,C,2.0,1.0,2.0,1.0,1.0,2.0,2.0,1.0,1.0,1.0,1.0,2.0,1.0,1.0,2.0
2025486248,123,student30@gmail.com,Aisyah,Hassan,Female,016-2984665,UiTM Kampus Jasin,FSKM,CDCS230,5,Incomplete,UiTM Kampus Jasin,,,,,,,,,,,,,,,,,,,,,,,,,,,,,,,,,,,,,,,,,,,B+,B+,A-,A-,A-,A,A,2.0,2.0,2.0,2.0,2.0,1.0,2.0,1.0,2.0,2.0,1.0,1.0,1.0,1.0,1.0,A,A+,A-,A-,A-,A-,C-,C-,4.0,3.0,4.0,1.0,4.0,4.0,5.0,2.0,4.0,2.0,2.0,2.0,2.0,2.0,3.0,A,B+,A,A-,C+,A+,C-,1.0,5.0,2.0,4.0,4.0,2.0,2.0,4.0,1.0,1.0,5.0,5.0,3.0,1.0,2.0,A-,A-,A+,A-,A,B-,A-,2.0,4.0,5.0,2.0,5.0,4.0,4.0,3.0,5.0,2.0,4.0,5.0,2.0,3.0,4.0
2024716757,123,student31@gmail.com,Aqil,Latif,Male,017-8467590,UiTM Kampus Jasin,FSKM,CDCS230,4,Incomplete,UiTM Kampus Jasin,,,,,,,,,,,,,,,,,,,,,,,,,,,,,,,,,,,,,,,,,,,,,,,,,,,,,,,,,,,,,,,,,A-,B+,A-,A-,C,B,A-,A+,4.0,3.0,4.0,5.0,4.0,4.0,5.0,3.0,5.0,5.0,5.0,5.0,4.0,3.0,5.0,B,B+,A-,B+,B,C-,D+,1.0,1.0,5.0,1.0,2.0,4.0,1.0,3.0,1.0,1.0,4.0,3.0,2.0,1.0,5.0,B,B,B+,A-,A-,D+,C,3.0,3.0,2.0,4.0,5.0,2.0,5.0,3.0,5.0,5.0,3.0,5.0,5.0,4.0,1.0
2023717530,123,student32@gmail.com,Siti,Ismail,Female,011-45725676,UiTM Kampus Jasin,FSKM,CDCS230,4,Incomplete,UiTM Kampus Jasin,,,,,,,,,,,,,,,,,,,,,,,,,,,,,,,,,,,,,,,,,,,,,,,,,,,,,,,,,,,,,,,,,C+,B-,C,C,C-,C,C+,B+,1.0,2.0,2.0,1.0,1.0,2.0,1.0,1.0,2.0,1.0,1.0,2.0,2.0,1.0,2.0,C+,B-,C,A+,A,A,A+,1.0,1.0,3.0,2.0,4.0,3.0,2.0,1.0,1.0,5.0,5.0,3.0,3.0,2.0,2.0,C+,C+,C,C,C,B+,C,1.0,4.0,1.0,1.0,4.0,4.0,2.0,5.0,4.0,2.0,4.0,5.0,2.0,1.0,5.0
2023359494,123,student33@gmail.com,Aisyah,Ismail,Female,010-1093983,UiTM Kampus Jasin,FSKM,CDCS230,5,Incomplete,UiTM Kampus Jasin,,,,,,,,,,,,,,,,,,,,,,,,,,,,,,,,,,,,,,,,,,,A-,A-,A+,B+,A-,B+,C,2.0,1.0,1.0,2.0,2.0,2.0,2.0,2.0,2.0,2.0,1.0,2.0,2.0,2.0,1.0,A-,A+,A+,A,B-,B+,B-,B-,1.0,2.0,3.0,4.0,1.0,3.0,3.0,3.0,2.0,1.0,4.0,2.0,1.0,2.0,2.0,B+,A,B+,B,C-,C-,B+,2.0,1.0,2.0,3.0,5.0,2.0,1.0,2.0,2.0,5.0,3.0,3.0,4.0,1.0,5.0,B+,A-,A-,A-,A+,C,C,4.0,5.0,1.0,5.0,3.0,2.0,3.0,4.0,5.0,4.0,4.0,4.0,5.0,1.0,4.0
2025063040,123,student34@gmail.com,Liyana,Latif,Female,019-0904745,UiTM Kampus Jasin,FSKM,CDCS230,5,Incomplete,UiTM Kampus Jasin,,,,,,,,,,,,,,,,,,,,,,,,,,,,,,,,,,,,,,,,,,,B,B,A-,B+,B+,A-,A-,4.0,4.0,5.0,5.0,4.0,5.0,5.0,5.0,5.0,4.0,3.0,3.0,3.0,3.0,5.0,A-,B+,B+,B+,A-,A-,D+,C+,5.0,3.0,5.0,5.0,5.0,4.0,5.0,3.0,4.0,2.0,5.0,5.0,3.0,2.0,4.0,A-,A-,B,A+,B-,D+,B+,3.0,4.0,2.0,2.0,5.0,4.0,1.0,2.0,1.0,5.0,1.0,2.0,2.0,5.0,3.0,A-,A-,B+,B,A-,C-,C-,4.0,4.0,5.0,5.0,5.0,2.0,1.0,1.0,2.0,5.0,2.0,3.0,5.0,5.0,3.0
2022845607,123,student35@gmail.com,Aqil,Rahman,Male,011-48251140,UiTM Kampus Jasin,FSKM,CDCS230,5,Incomplete,UiTM Kampus Jasin,,,,,,,,,,,,,,,,,,,,,,,,,,,,,,,,,,,,,,,,,,,B+,A-,B+,B,A,A-,A,2.0,1.0,2.0,1.0,1.0,2.0,1.0,2.0,2.0,1.0,1.0,2.0,1.0,1.0,2.0,B,B+,B,A-,C,B+,A-,B,4.0,3.0,5.0,3.0,4.0,2.0,1.0,4.0,5.0,2.0,5.0,5.0,4.0,3.0,5.0,B,B,B,A,A+,A+,A+,2.0,1.0,2.0,2.0,4.0,4.0,3.0,4.0,5.0,3.0,3.0,5.0,2.0,1.0,3.0,B,B+,A-,B+,B,C-,B,3.0,5.0,5.0,3.0,5.0,5.0,1.0,5.0,2.0,3.0,1.0,5.0,2.0,2.0,2.0
2024390648,123,student36@gmail.com,Liyana,Abdullah,Female,012-4158651,UiTM Kampus Jasin,FSKM,CDCS230,6,Incomplete,UiTM Kampus Jasin,,,,,,,,,,,,,,,,,,,,,A+,B+,A,D+,B+,A,D+,1.0,1.0,1.0,2.0,1.0,1.0,2.0,2.0,1.0,1.0,2.0,1.0,2.0,1.0,2.0,A-,A-,B+,A,C-,A-,B,1.0,2.0,5.0,4.0,1.0,2.0,2.0,5.0,3.0,2.0,5.0,2.0,3.0,1.0,3.0,A+,A,A+,A-,A+,A,B-,C-,4.0,5.0,3.0,2.0,3.0,4.0,5.0,2.0,1.0,2.0,4.0,5.0,3.0,1.0,4.0,A-,A-,A+,C,A,C,B-,3.0,4.0,1.0,2.0,5.0,2.0,4.0,4.0,5.0,1.0,2.0,3.0,3.0,1.0,4.0,A,A-,A+,B+,B+,B,C-,3.0,1.0,3.0,3.0,4.0,1.0,1.0,1.0,5.0,2.0,5.0,1.0,3.0,4.0,2.0
2023607331,123,student37@gmail.com,Rizwan,Ismail,Male,014-8829931,UiTM Kampus Jasin,FSKM,CDCS230,2,Incomplete,UiTM Kampus Jasin,,,,,,,,,,,,,,,,,,,,,,,,,,,,,,,,,,,,,,,,,,,,,,,,,,,,,,,,,,,,,,,,,,,,,,,,,,,,,,,,,,,,,,,,,,,,,,,,,,,,,,,,,,,,,,C,B-,C+,C+,C,B,B,2.0,1.0,1.0,2.0,2.0,2.0,2.0,2.0,1.0,2.0,1.0,1.0,1.0,1.0,1.0
2025246499,123,student38@gmail.com,Hakim,Yusof,Male,012-3370571,UiTM Kampus Jasin,FSKM,CDCS230,5,Incomplete,UiTM Kampus Jasin,,,,,,,,,,,,,,,,,,,,,,,,,,,,,,,,,,,,,,,,,,,B+,B,A-,B+,B-,B+,B-,1.0,1.0,1.0,2.0,2.0,2.0,1.0,1.0,1.0,2.0,2.0,2.0,1.0,1.0,2.0,A-,B,B,B+,D+,B,C,B+,1.0,3.0,1.0,4.0,1.0,1.0,4.0,3.0,1.0,5.0,2.0,4.0,5.0,3.0,4.0,A-,A-,A-,A-,C,B+,B-,1.0,4.0,5.0,3.0,2.0,2.0,4.0,4.0,4.0,2.0,3.0,5.0,4.0,1.0,5.0,A-,B,B,B,B+,D+,B+,2.0,3.0,3.0,5.0,1.0,2.0,5.0,1.0,3.0,1.0,3.0,5.0,5.0,1.0,3.0
2023876353,123,student39@gmail.com,Nurul,Ismail,Female,014-8204165,UiTM Kampus Jasin,FSKM,CDCS230,3,Incomplete,UiTM Kampus Jasin,,,,,,,,,,,,,,,,,,,,,,,,,,,,,,,,,,,,,,,,,,,,,,,,,,,,,,,,,,,,,,,,,,,,,,,,,,,,,,,,,,,,,,,,A-,B,A-,A-,A,B,A,1.0,1.0,1.0,2.0,2.0,2.0,2.0,1.0,1.0,2.0,2.0,2.0,1.0,1.0,1.0,C+,C,C+,B-,B-,B,B-,4.0,2.0,4.0,4.0,4.0,1.0,5.0,4.0,3.0,1.0,4.0,4.0,5.0,2.0,2.0
2023910931,123,student40@gmail.com,Siti,Hassan,Female,012-1012360,UiTM Kampus Jasin,FSKM,CDCS230,6,Incomplete,UiTM Kampus Jasin,,,,,,,,,,,,,,,,,,,,,C,B-,C,B,B,C,A-,4.0,4.0,3.0,5.0,5.0,4.0,5.0,5.0,4.0,4.0,5.0,4.0,4.0,5.0,4.0,B-,B-,C,C+,B,B-,C-,4.0,5.0,4.0,1.0,5.0,2.0,2.0,5.0,2.0,4.0,1.0,5.0,4.0,5.0,3.0,C+,B-,C,C+,B,C,A-,C+,1.0,1.0,4.0,3.0,5.0,2.0,4.0,2.0,5.0,5.0,2.0,5.0,2.0,4.0,4.0,B-,C,B-,C,A-,C+,A-,2.0,2.0,5.0,5.0,5.0,4.0,3.0,4.0,1.0,1.0,5.0,1.0,1.0,2.0,5.0,C,B-,B-,C,C+,B,B,2.0,2.0,5.0,4.0,4.0,4.0,5.0,3.0,2.0,1.0,2.0,5.0,1.0,1.0,3.0
2022073535,123,student41@gmail.com,Siti,Yusof,Female,010-8797210,UiTM Kampus Jasin,FSKM,CDCS230,2,Incomplete,UiTM Kampus Jasin,,,,,,,,,,,,,,,,,,,,,,,,,,,,,,,,,,,,,,,,,,,,,,,,,,,,,,,,,,,,,,,,,,,,,,,,,,,,,,,,,,,,,,,,,,,,,,,,,,,,,,,,,,,,,,C+,C,B-,C,B-,A+,A-,5.0,5.0,4.0,5.0,3.0,3.0,5.0,4.0,5.0,3.0,3.0,3.0,4.0,5.0,4.0
2025433925,123,student42@gmail.com,Liyana,Yusof,Female,012-0653846,UiTM Kampus Jasin,FSKM,CDCS230,5,Incomplete,UiTM Kampus Jasin,,,,,,,,,,,,,,,,,,,,,,,,,,,,,,,,,,,,,,,,,,,B,A-,B+,A-,D+,A-,B,3.0,4.0,3.0,3.0,5.0,4.0,3.0,4.0,3.0,4.0,5.0,3.0,3.0,3.0,4.0,B+,B+,A-,B,C+,B,C+,A,4.0,2.0,2.0,2.0,2.0,4.0,2.0,4.0,5.0,4.0,4.0,5.0,4.0,3.0,5.0,B,B+,B+,A,D+,A+,C-,4.0,5.0,4.0,5.0,2.0,1.0,5.0,3.0,5.0,1.0,5.0,5.0,2.0,3.0,5.0,B+,B+,B,A-,A-,A+,C+,4.0,5.0,1.0,3.0,2.0,1.0,5.0,4.0,3.0,2.0,2.0,5.0,5.0,5.0,3.0
2023765039,123,student43@gmail.com,Hannah,Hassan,Female,014-1527792,UiTM Kampus Jasin,FSKM,CDCS230,2,Incomplete,UiTM Kampus Jasin,,,,,,,,,,,,,,,,,,,,,,,,,,,,,,,,,,,,,,,,,,,,,,,,,,,,,,,,,,,,,,,,,,,,,,,,,,,,,,,,,,,,,,,,,,,,,,,,,,,,,,,,,,,,,,C+,C+,C,C,B-,A,B+,5.0,5.0,5.0,5.0,4.0,4.0,3.0,4.0,5.0,5.0,5.0,5.0,4.0,4.0,4.0
2024186424,123,student44@gmail.com,Amira,Khalid,Female,011-79407409,UiTM Kampus Jasin,FSKM,CDCS230,2,Incomplete,UiTM Kampus Jasin,,,,,,,,,,,,,,,,,,,,,,,,,,,,,,,,,,,,,,,,,,,,,,,,,,,,,,,,,,,,,,,,,,,,,,,,,,,,,,,,,,,,,,,,,,,,,,,,,,,,,,,,,,,,,,A-,A-,B,B+,B+,A-,B,4.0,5.0,3.0,4.0,4.0,4.0,3.0,3.0,5.0,4.0,5.0,3.0,4.0,3.0,3.0
2025476257,123,student45@gmail.com,Aisyah,Rahman,Female,012-8117121,UiTM Kampus Jasin,FSKM,CDCS230,6,Incomplete,UiTM Kampus Jasin,,,,,,,,,,,,,,,,,,,,,B-,C,C+,D+,A+,C,A,3.0,5.0,3.0,4.0,3.0,3.0,4.0,4.0,4.0,5.0,5.0,5.0,3.0,5.0,3.0,B-,C,C,C,B,C+,B+,1.0,2.0,5.0,2.0,5.0,4.0,5.0,2.0,3.0,4.0,5.0,2.0,3.0,1.0,5.0,B-,C+,C+,C+,C,B-,A+,B+,3.0,5.0,5.0,4.0,1.0,3.0,2.0,1.0,4.0,1.0,3.0,1.0,1.0,5.0,2.0,C,C,C,A-,A,A,C+,5.0,4.0,3.0,3.0,2.0,5.0,1.0,3.0,4.0,4.0,5.0,5.0,4.0,4.0,4.0,B-,C,C,C+,C,C+,A,1.0,5.0,1.0,4.0,2.0,4.0,2.0,3.0,4.0,2.0,2.0,2.0,2.0,1.0,4.0
2022918383,123,student46@gmail.com,Hannah,Rahman,Female,010-5809814,UiTM Kampus Jasin,FSKM,CDCS230,3,Incomplete,UiTM Kampus Jasin,,,,,,,,,,,,,,,,,,,,,,,,,,,,,,,,,,,,,,,,,,,,,,,,,,,,,,,,,,,,,,,,,,,,,,,,,,,,,,,,,,,,,,,,A-,B+,A-,A+,C+,A+,A-,4.0,4.0,4.0,3.0,3.0,4.0,4.0,4.0,4.0,3.0,4.0,4.0,4.0,4.0,3.0,A-,A,A+,B+,A,C,B,3.0,2.0,3.0,1.0,3.0,2.0,2.0,5.0,3.0,5.0,5.0,1.0,5.0,5.0,4.0
2023733096,123,student47@gmail.com,Faiz,Hassan,Male,016-9113690,UiTM Kampus Jasin,FSKM,CDCS230,2,Incomplete,UiTM Kampus Jasin,,,,,,,,,,,,,,,,,,,,,,,,,,,,,,,,,,,,,,,,,,,,,,,,,,,,,,,,,,,,,,,,,,,,,,,,,,,,,,,,,,,,,,,,,,,,,,,,,,,,,,,,,,,,,,B,B+,A-,B,A-,B,B-,1.0,2.0,1.0,2.0,1.0,1.0,2.0,1.0,1.0,1.0,2.0,2.0,1.0,2.0,1.0
2024310003,123,student48@gmail.com,Nurul,Khalid,Female,013-8540790,UiTM Kampus Jasin,FSKM,CDCS230,5,Incomplete,UiTM Kampus Jasin,,,,,,,,,,,,,,,,,,,,,,,,,,,,,,,,,,,,,,,,,,,B+,B,B+,A-,B+,B+,B-,3.0,4.0,5.0,4.0,5.0,3.0,4.0,5.0,4.0,5.0,5.0,3.0,4.0,5.0,3.0,B,A-,B,B+,B-,B+,B-,B,1.0,3.0,4.0,1.0,3.0,3.0,5.0,3.0,5.0,4.0,2.0,4.0,1.0,2.0,3.0,B,A-,A-,C-,B-,C+,A-,2.0,2.0,4.0,3.0,3.0,3.0,5.0,3.0,1.0,5.0,4.0,2.0,5.0,1.0,2.0,B,A-,B,B,B,A+,A,2.0,2.0,3.0,3.0,3.0,2.0,1.0,2.0,3.0,5.0,1.0,2.0,2.0,2.0,1.0
2024677742,123,student49@gmail.com,Faiz,Latif,Male,012-6964198,UiTM Kampus Jasin,FSKM,CDCS230,5,Incomplete,UiTM Kampus Jasin,,,,,,,,,,,,,,,,,,,,,,,,,,,,,,,,,,,,,,,,,,,B-,C+,C,B-,D+,C,A+,1.0,2.0,1.0,2.0,2.0,2.0,1.0,2.0,2.0,2.0,1.0,2.0,1.0,2.0,1.0,C+,B-,C+,B-,D+,C,C+,B+,5.0,1.0,1.0,3.0,5.0,1.0,5.0,4.0,2.0,2.0,2.0,3.0,3.0,4.0,4.0,C,C,B-,D+,B-,A,C-,1.0,4.0,2.0,1.0,3.0,5.0,5.0,3.0,3.0,1.0,3.0,1.0,2.0,4.0,1.0,B-,B-,B-,B-,B-,B,C,1.0,3.0,5.0,3.0,2.0,2.0,4.0,5.0,5.0,1.0,3.0,4.0,5.0,5.0,2.0
2023878312,123,student50@gmail.com,Amira,Khalid,Female,018-0814820,UiTM Kampus Jasin,FSKM,CDCS230,3,Incomplete,UiTM Kampus Jasin,,,,,,,,,,,,,,,,,,,,,,,,,,,,,,,,,,,,,,,,,,,,,,,,,,,,,,,,,,,,,,,,,,,,,,,,,,,,,,,,,,,,,,,,A-,A-,A+,B+,A-,B+,C,2.0,1.0,1.0,2.0,2.0,2.0,2.0,2.0,2.0,2.0,1.0,2.0,2.0,2.0,1.0,B+,A,A+,B+,A,C+,A,2.0,2.0,2.0,2.0,1.0,1.0,1.0,5.0,4.0,4.0,5.0,3.0,3.0,3.0,1.0
2024732749,123,student51@gmail.com,Faiz,Ismail,Male,012-9810177,UiTM Kampus Jasin,FSKM,CDCS230,5,Incomplete,UiTM Kampus Jasin,,,,,,,,,,,,,,,,,,,,,,,,,,,,,,,,,,,,,,,,,,,B,B+,B,A-,B,A-,C+,3.0,3.0,3.0,3.0,4.0,3.0,4.0,4.0,4.0,4.0,3.0,4.0,3.0,3.0,4.0,A-,B+,B,A-,B-,B,A+,B,1.0,2.0,3.0,2.0,1.0,5.0,5.0,3.0,4.0,5.0,3.0,1.0,5.0,3.0,5.0,B+,B+,B+,C+,B-,B+,B+,3.0,4.0,4.0,1.0,2.0,4.0,1.0,2.0,2.0,1.0,3.0,5.0,3.0,4.0,5.0,B+,B,A-,B+,A-,B,C,5.0,2.0,4.0,3.0,4.0,4.0,1.0,2.0,2.0,1.0,2.0,1.0,4.0,5.0,1.0
2024616495,123,student52@gmail.com,Rizwan,Yusof,Male,018-0801206,UiTM Kampus Jasin,FSKM,CDCS230,4,Incomplete,UiTM Kampus Jasin,,,,,,,,,,,,,,,,,,,,,,,,,,,,,,,,,,,,,,,,,,,,,,,,,,,,,,,,,,,,,,,,,A-,B,A-,A-,B+,B+,B,C,5.0,5.0,3.0,4.0,5.0,4.0,3.0,5.0,3.0,3.0,3.0,4.0,3.0,5.0,5.0,B+,B+,B+,A+,B-,A-,A,3.0,2.0,5.0,3.0,2.0,4.0,5.0,2.0,3.0,3.0,3.0,5.0,1.0,4.0,5.0,A-,B,B,B,A-,B,B,1.0,1.0,1.0,1.0,4.0,3.0,1.0,3.0,3.0,2.0,3.0,4.0,1.0,4.0,4.0
2023596239,123,student53@gmail.com,Hakim,Rahman,Male,012-6404620,UiTM Kampus Jasin,FSKM,CDCS230,3,Incomplete,UiTM Kampus Jasin,,,,,,,,,,,,,,,,,,,,,,,,,,,,,,,,,,,,,,,,,,,,,,,,,,,,,,,,,,,,,,,,,,,,,,,,,,,,,,,,,,,,,,,,B-,C+,C,C+,C+,B-,C-,5.0,4.0,3.0,4.0,3.0,3.0,5.0,3.0,5.0,5.0,5.0,5.0,5.0,5.0,5.0,B,A-,B,A-,B+,D+,B-,3.0,1.0,4.0,3.0,5.0,4.0,1.0,3.0,5.0,4.0,1.0,5.0,1.0,5.0,2.0
2023122735,123,student54@gmail.com,Danial,Latif,Male,018-4513602,UiTM Kampus Jasin,FSKM,CDCS230,1,Incomplete,UiTM Kampus Jasin,,,,,,,,,,,,,,,,,,,,,,,,,,,,,,,,,,,,,,,,,,,,,,,,,,,,,,,,,,,,,,,,,,,,,,,,,,,,,,,,,,,,,,,,,,,,,,,,,,,,,,,,,,,,,,,,,,,,,,,,,,,,,,,,,,,
2024724454,123,student55@gmail.com,Aisyah,Latif,Female,014-4106300,UiTM Kampus Jasin,FSKM,CDCS230,6,Incomplete,UiTM Kampus Jasin,,,,,,,,,,,,,,,,,,,,,B,B,B+,B,C,B,B,1.0,2.0,1.0,2.0,2.0,2.0,1.0,2.0,1.0,2.0,1.0,1.0,1.0,1.0,2.0,B+,B+,B,A-,B-,B+,B+,3.0,2.0,1.0,4.0,3.0,2.0,5.0,1.0,1.0,4.0,2.0,3.0,1.0,2.0,3.0,B+,B,A-,A-,C,A-,A,D+,4.0,3.0,2.0,1.0,1.0,1.0,3.0,4.0,4.0,4.0,1.0,5.0,4.0,5.0,5.0,B+,B,B,B-,C+,B,B-,2.0,5.0,2.0,4.0,2.0,2.0,3.0,1.0,3.0,5.0,2.0,3.0,2.0,1.0,3.0,A-,B+,B,A-,B+,B,B,5.0,5.0,1.0,4.0,1.0,3.0,1.0,5.0,4.0,5.0,1.0,1.0,2.0,2.0,1.0
2024705358,123,student56@gmail.com,Aqil,Ismail,Male,012-7596038,UiTM Kampus Jasin,FSKM,CDCS230,4,Incomplete,UiTM Kampus Jasin,,,,,,,,,,,,,,,,,,,,,,,,,,,,,,,,,,,,,,,,,,,,,,,,,,,,,,,,,,,,,,,,,A+,B+,A-,B+,B-,A,C-,B,1.0,1.0,2.0,2.0,1.0,1.0,2.0,2.0,2.0,2.0,2.0,1.0,2.0,1.0,1.0,A,A-,A+,D+,C,B-,D+,5.0,5.0,4.0,1.0,4.0,5.0,2.0,2.0,2.0,3.0,4.0,1.0,3.0,4.0,5.0,A,A+,B+,A+,A+,A-,D+,3.0,2.0,5.0,1.0,2.0,3.0,4.0,3.0,5.0,4.0,5.0,3.0,3.0,1.0,2.0
2023857074,123,student57@gmail.com,Liyana,Rahman,Female,014-1975710,UiTM Kampus Jasin,FSKM,CDCS230,6,Incomplete,UiTM Kampus Jasin,,,,,,,,,,,,,,,,,,,,,C+,C,C,A+,B-,C+,B,4.0,4.0,4.0,4.0,3.0,5.0,5.0,5.0,3.0,3.0,3.0,4.0,3.0,5.0,4.0,C+,B-,C+,C,D+,B-,A,3.0,3.0,1.0,3.0,2.0,1.0,4.0,5.0,2.0,4.0,3.0,3.0,1.0,1.0,3.0,B-,C,B-,C,A+,C+,C-,A,4.0,2.0,2.0,1.0,4.0,1.0,4.0,5.0,4.0,1.0,2.0,3.0,2.0,3.0,5.0,B-,B-,C+,A,C+,B+,C,4.0,4.0,3.0,4.0,4.0,3.0,5.0,3.0,2.0,3.0,3.0,1.0,3.0,2.0,4.0,C,C,B-,C,C,B,C+,1.0,3.0,3.0,3.0,3.0,1.0,3.0,3.0,5.0,1.0,2.0,2.0,4.0,5.0,4.0
2022713418,123,student58@gmail.com,Aqil,Abdullah,Male,010-4065191,UiTM Kampus Jasin,FSKM,CDCS230,4,Incomplete,UiTM Kampus Jasin,,,,,,,,,,,,,,,,,,,,,,,,,,,,,,,,,,,,,,,,,,,,,,,,,,,,,,,,,,,,,,,,,B+,B,B,B,D+,A-,C+,A-,2.0,2.0,2.0,1.0,1.0,1.0,2.0,2.0,1.0,1.0,1.0,2.0,2.0,1.0,2.0,B,A-,B+,C,B-,B,B-,3.0,1.0,1.0,4.0,5.0,5.0,4.0,2.0,5.0,5.0,4.0,3.0,2.0,3.0,3.0,B+,B+,B+,B+,A-,A+,C-,4.0,4.0,1.0,2.0,3.0,4.0,1.0,5.0,1.0,4.0,1.0,4.0,5.0,5.0,4.0
2023455084,123,student59@gmail.com,Danial,Abdullah,Male,012-0041864,UiTM Kampus Jasin,FSKM,CDCS230,4,Incomplete,UiTM Kampus Jasin,,,,,,,,,,,,,,,,,,,,,,,,,,,,,,,,,,,,,,,,,,,,,,,,,,,,,,,,,,,,,,,,,A-,A,A,A+,B+,B+,A+,B-,3.0,3.0,4.0,4.0,4.0,5.0,4.0,5.0,5.0,4.0,5.0,3.0,4.0,5.0,3.0,A-,A,A,A+,A+,A+,B,4.0,3.0,5.0,4.0,5.0,4.0,4.0,3.0,5.0,5.0,5.0,3.0,5.0,4.0,4.0,B+,A+,A,A-,A+,B,B-,1.0,3.0,4.0,2.0,4.0,1.0,5.0,5.0,2.0,3.0,1.0,4.0,1.0,2.0,1.0
2023783431,123,student60@gmail.com,Irfan,Latif,Male,016-3961860,UiTM Kampus Jasin,FSKM,CDCS230,5,Incomplete,UiTM Kampus Jasin,,,,,,,,,,,,,,,,,,,,,,,,,,,,,,,,,,,,,,,,,,,C+,C,C,B-,A+,B-,C+,4.0,4.0,3.0,3.0,5.0,3.0,3.0,3.0,5.0,4.0,5.0,4.0,3.0,5.0,5.0,B-,B-,C,B-,A,C,C-,B-,5.0,4.0,2.0,5.0,3.0,3.0,1.0,4.0,3.0,2.0,5.0,2.0,1.0,2.0,3.0,C+,C,B-,A,A+,B+,A-,1.0,5.0,5.0,1.0,1.0,4.0,3.0,1.0,4.0,1.0,2.0,4.0,3.0,2.0,2.0,C,C+,C,C,C,B-,C,4.0,3.0,2.0,3.0,5.0,1.0,3.0,5.0,3.0,4.0,3.0,2.0,3.0,1.0,5.0
2022907174,123,student61@gmail.com,Faiz,Rahman,Male,017-2717719,UiTM Kampus Jasin,FSKM,CDCS230,3,Incomplete,UiTM Kampus Jasin,,,,,,,,,,,,,,,,,,,,,,,,,,,,,,,,,,,,,,,,,,,,,,,,,,,,,,,,,,,,,,,,,,,,,,,,,,,,,,,,,,,,,,,,A-,A+,A,A+,C-,A,C-,1.0,2.0,1.0,2.0,1.0,2.0,1.0,2.0,2.0,1.0,1.0,1.0,1.0,2.0,2.0,A,A,B+,B+,A,B,B,1.0,1.0,3.0,5.0,1.0,3.0,2.0,2.0,2.0,1.0,3.0,3.0,5.0,4.0,2.0
2022443965,123,student62@gmail.com,Rizwan,Khalid,Male,012-5009228,UiTM Kampus Jasin,FSKM,CDCS230,1,Incomplete,UiTM Kampus Jasin,,,,,,,,,,,,,,,,,,,,,,,,,,,,,,,,,,,,,,,,,,,,,,,,,,,,,,,,,,,,,,,,,,,,,,,,,,,,,,,,,,,,,,,,,,,,,,,,,,,,,,,,,,,,,,,,,,,,,,,,,,,,,,,,,,,
2022690814,123,student63@gmail.com,Danial,Yusof,Male,014-5187524,UiTM Kampus Jasin,FSKM,CDCS230,2,Incomplete,UiTM Kampus Jasin,,,,,,,,,,,,,,,,,,,,,,,,,,,,,,,,,,,,,,,,,,,,,,,,,,,,,,,,,,,,,,,,,,,,,,,,,,,,,,,,,,,,,,,,,,,,,,,,,,,,,,,,,,,,,,B-,C+,B-,C,B-,B,B-,3.0,4.0,3.0,4.0,5.0,3.0,3.0,3.0,4.0,3.0,3.0,5.0,4.0,3.0,3.0
2024051215,123,student64@gmail.com,Ahmad,Ismail,Male,012-2098896,UiTM Kampus Jasin,FSKM,CDCS230,3,Incomplete,UiTM Kampus Jasin,,,,,,,,,,,,,,,,,,,,,,,,,,,,,,,,,,,,,,,,,,,,,,,,,,,,,,,,,,,,,,,,,,,,,,,,,,,,,,,,,,,,,,,,C+,C,C,C,B+,C,B,2.0,1.0,1.0,2.0,2.0,1.0,1.0,1.0,2.0,2.0,2.0,1.0,1.0,2.0,2.0,B+,A-,A-,A-,B+,A-,A+,2.0,4.0,3.0,3.0,3.0,1.0,1.0,2.0,4.0,2.0,4.0,1.0,2.0,1.0,3.0
2024469918,123,student65@gmail.com,Siti,Khalid,Female,018-1656475,UiTM Kampus Jasin,FSKM,CDCS230,4,Incomplete,UiTM Kampus Jasin,,,,,,,,,,,,,,,,,,,,,,,,,,,,,,,,,,,,,,,,,,,,,,,,,,,,,,,,,,,,,,,,,A+,B+,A-,A,C-,A,D+,B,1.0,1.0,2.0,1.0,2.0,1.0,2.0,2.0,1.0,2.0,2.0,2.0,2.0,1.0,1.0,A+,B+,A+,A+,A-,C+,C-,3.0,4.0,5.0,1.0,4.0,3.0,2.0,1.0,1.0,3.0,2.0,4.0,5.0,1.0,2.0,A+,A+,A-,A-,B+,B+,C-,1.0,3.0,4.0,1.0,5.0,2.0,3.0,5.0,4.0,5.0,3.0,3.0,4.0,1.0,5.0
2023699267,123,student66@gmail.com,Aisyah,Ismail,Female,018-6732886,UiTM Kampus Jasin,FSKM,CDCS230,6,Incomplete,UiTM Kampus Jasin,,,,,,,,,,,,,,,,,,,,,A-,B,B+,A,D+,B+,A,4.0,3.0,5.0,5.0,3.0,5.0,3.0,3.0,3.0,5.0,5.0,3.0,5.0,4.0,4.0,B,B+,A-,A-,D+,A-,D+,4.0,5.0,2.0,4.0,2.0,4.0,3.0,5.0,3.0,4.0,1.0,1.0,1.0,1.0,3.0,B,A-,A-,B,B-,A-,B,A-,5.0,5.0,1.0,1.0,2.0,4.0,2.0,2.0,2.0,1.0,2.0,2.0,4.0,4.0,2.0,B,A-,B,B-,C+,C+,C+,4.0,3.0,1.0,4.0,5.0,5.0,5.0,1.0,1.0,5.0,2.0,5.0,4.0,2.0,2.0,B+,A-,B+,B,B,A-,D+,2.0,1.0,3.0,5.0,4.0,2.0,1.0,4.0,5.0,3.0,2.0,3.0,4.0,4.0,5.0
2022325393,123,student67@gmail.com,Kamal,Latif,Male,012-4286416,UiTM Kampus Jasin,FSKM,CDCS230,3,Incomplete,UiTM Kampus Jasin,,,,,,,,,,,,,,,,,,,,,,,,,,,,,,,,,,,,,,,,,,,,,,,,,,,,,,,,,,,,,,,,,,,,,,,,,,,,,,,,,,,,,,,,A,B+,A+,A-,C,A,B-,5.0,5.0,3.0,4.0,4.0,3.0,3.0,3.0,3.0,4.0,3.0,4.0,5.0,5.0,4.0,A-,B+,B+,A-,B+,A-,B-,5.0,4.0,2.0,2.0,4.0,3.0,5.0,3.0,1.0,3.0,5.0,5.0,1.0,3.0,2.0
2023069419,123,student68@gmail.com,Amira,Khalid,Female,016-7443121,UiTM Kampus Jasin,FSKM,CDCS230,3,Incomplete,UiTM Kampus Jasin,,,,,,,,,,,,,,,,,,,,,,,,,,,,,,,,,,,,,,,,,,,,,,,,,,,,,,,,,,,,,,,,,,,,,,,,,,,,,,,,,,,,,,,,A+,A+,A,A+,D+,B+,C+,1.0,2.0,1.0,1.0,1.0,2.0,2.0,1.0,2.0,1.0,1.0,1.0,2.0,2.0,2.0,A-,B,B,A-,A-,C,B-,4.0,2.0,1.0,2.0,4.0,1.0,3.0,4.0,4.0,3.0,1.0,2.0,1.0,5.0,1.0
2023847366,123,student69@gmail.com,Danial,Hassan,Male,019-2747928,UiTM Kampus Jasin,FSKM,CDCS230,7,Incomplete,UiTM Kampus Jasin,B+,A+,D+,B+,A,2.0,1.0,1.0,2.0,1.0,2.0,2.0,2.0,2.0,1.0,2.0,2.0,2.0,2.0,1.0,B+,A-,A-,A,D+,B+,D+,4.0,3.0,4.0,3.0,1.0,2.0,5.0,1.0,5.0,1.0,5.0,5.0,2.0,1.0,3.0,A,A,A+,A+,C,A-,A,5.0,4.0,1.0,3.0,2.0,2.0,3.0,3.0,5.0,5.0,1.0,3.0,3.0,4.0,4.0,B+,A,B+,B+,B+,A-,D+,A,3.0,5.0,1.0,5.0,4.0,3.0,4.0,2.0,1.0,1.0,1.0,4.0,1.0,1.0,2.0,A-,B+,B+,C+,B+,B,B-,2.0,1.0,4.0,1.0,5.0,1.0,2.0,5.0,1.0,5.0,4.0,4.0,3.0,1.0,2.0,A,A,B+,A,A+,C+,D+,3.0,3.0,1.0,3.0,1.0,4.0,2.0,2.0,4.0,2.0,3.0,4.0,4.0,2.0,4.0
2022188813,123,student70@gmail.com,Siti,Latif,Female,010-3890533,UiTM Kampus Jasin,FSKM,CDCS230,1,Incomplete,UiTM Kampus Jasin,,,,,,,,,,,,,,,,,,,,,,,,,,,,,,,,,,,,,,,,,,,,,,,,,,,,,,,,,,,,,,,,,,,,,,,,,,,,,,,,,,,,,,,,,,,,,,,,,,,,,,,,,,,,,,,,,,,,,,,,,,,,,,,,,,,
2025238291,123,student71@gmail.com,Hakim,Khalid,Male,017-2898807,UiTM Kampus Jasin,FSKM,CDCS230,3,Incomplete,UiTM Kampus Jasin,,,,,,,,,,,,,,,,,,,,,,,,,,,,,,,,,,,,,,,,,,,,,,,,,,,,,,,,,,,,,,,,,,,,,,,,,,,,,,,,,,,,,,,,B+,A-,B+,B,B+,B+,A+,1.0,1.0,1.0,1.0,1.0,2.0,2.0,2.0,1.0,1.0,1.0,2.0,1.0,2.0,1.0,B,B+,A-,A-,B,D+,B+,5.0,2.0,2.0,2.0,4.0,5.0,3.0,2.0,2.0,4.0,1.0,1.0,1.0,2.0,1.0
2023860409,123,student72@gmail.com,Aqil,Khalid,Male,014-4804014,UiTM Kampus Jasin,FSKM,CDCS230,1,Incomplete,UiTM Kampus Jasin,,,,,,,,,,,,,,,,,,,,,,,,,,,,,,,,,,,,,,,,,,,,,,,,,,,,,,,,,,,,,,,,,,,,,,,,,,,,,,,,,,,,,,,,,,,,,,,,,,,,,,,,,,,,,,,,,,,,,,,,,,,,,,,,,,,
2023554455,123,student73@gmail.com,Aisyah,Yusof,Female,010-2785178,UiTM Kampus Jasin,FSKM,CDCS230,4,Incomplete,UiTM Kampus Jasin,,,,,,,,,,,,,,,,,,,,,,,,,,,,,,,,,,,,,,,,,,,,,,,,,,,,,,,,,,,,,,,,,C+,C+,C,C,C+,B-,B+,A-,4.0,5.0,3.0,4.0,3.0,5.0,4.0,4.0,4.0,5.0,4.0,4.0,3.0,3.0,3.0,B-,C+,B-,C+,B,C-,B+,1.0,5.0,3.0,5.0,5.0,5.0,1.0,1.0,1.0,1.0,2.0,4.0,4.0,5.0,4.0,C,C+,B-,C,C+,B-,B+,4.0,1.0,4.0,2.0,2.0,2.0,1.0,3.0,2.0,5.0,3.0,5.0,4.0,5.0,3.0
2025331559,123,student74@gmail.com,Hannah,Rahman,Female,010-0400639,UiTM Kampus Jasin,FSKM,CDCS230,2,Incomplete,UiTM Kampus Jasin,,,,,,,,,,,,,,,,,,,,,,,,,,,,,,,,,,,,,,,,,,,,,,,,,,,,,,,,,,,,,,,,,,,,,,,,,,,,,,,,,,,,,,,,,,,,,,,,,,,,,,,,,,,,,,A,A-,A+,A-,A-,B,B,2.0,2.0,2.0,1.0,2.0,2.0,2.0,1.0,2.0,2.0,2.0,1.0,2.0,2.0,1.0
2023061714,123,student75@gmail.com,Faiz,Khalid,Male,013-9709147,UiTM Kampus Jasin,FSKM,CDCS230,7,Incomplete,UiTM Kampus Jasin,B+,B-,A-,B,B,1.0,2.0,3.0,2.0,2.0,1.0,2.0,2.0,1.0,1.0,1.0,1.0,2.0,2.0,1.0,B-,C+,C+,C,B+,B-,C,5.0,3.0,3.0,4.0,5.0,5.0,3.0,5.0,3.0,3.0,2.0,5.0,3.0,4.0,2.0,B-,B-,C,C,C-,B-,C+,5.0,4.0,4.0,5.0,4.0,1.0,4.0,4.0,3.0,3.0,2.0,1.0,5.0,1.0,3.0,B-,B-,C+,B-,C-,C+,C-,A+,5.0,4.0,3.0,4.0,2.0,3.0,3.0,2.0,2.0,3.0,1.0,4.0,5.0,3.0,4.0,C+,C+,B-,D+,C+,A+,D+,2.0,2.0,3.0,5.0,1.0,1.0,4.0,2.0,1.0,4.0,1.0,5.0,3.0,2.0,5.0,B-,B-,C+,C,B-,B,B-,1.0,2.0,3.0,1.0,1.0,4.0,4.0,3.0,2.0,5.0,2.0,4.0,1.0,2.0,3.0
2022423798,123,student76@gmail.com,Siti,Khalid,Female,013-4927976,UiTM Kampus Jasin,FSKM,CDCS230,6,Incomplete,UiTM Kampus Jasin,,,,,,,,,,,,,,,,,,,,,B,B,B+,A-,A+,B+,B-,4.0,4.0,4.0,4.0,3.0,3.0,3.0,3.0,4.0,4.0,5.0,5.0,5.0,5.0,4.0,A-,B+,B,A-,C,A-,C+,5.0,5.0,3.0,2.0,2.0,4.0,3.0,3.0,3.0,3.0,3.0,4.0,4.0,2.0,5.0,A-,B+,B+,B+,A-,B,B,B,1.0,1.0,1.0,4.0,1.0,3.0,3.0,5.0,1.0,4.0,3.0,1.0,3.0,5.0,4.0,A-,B+,B+,D+,A,C+,C+,2.0,4.0,5.0,3.0,2.0,1.0,3.0,2.0,2.0,4.0,4.0,5.0,4.0,5.0,3.0,B,B,B+,B,B+,A,B+,4.0,4.0,3.0,1.0,2.0,2.0,1.0,4.0,5.0,4.0,4.0,5.0,5.0,2.0,2.0
2023255179,123,student77@gmail.com,Zulaikha,Yusof,Female,013-4128786,UiTM Kampus Jasin,FSKM,CDCS230,6,Incomplete,UiTM Kampus Jasin,,,,,,,,,,,,,,,,,,,,,B+,A-,B,A,C+,B+,D+,1.0,1.0,1.0,2.0,2.0,2.0,2.0,1.0,1.0,1.0,1.0,2.0,1.0,1.0,1.0,B,A-,B,B,A,B,C-,3.0,1.0,1.0,5.0,5.0,4.0,4.0,2.0,1.0,3.0,3.0,3.0,4.0,1.0,4.0,B,B,B,B,A-,A-,B,A,5.0,1.0,2.0,3.0,2.0,3.0,2.0,2.0,5.0,1.0,1.0,5.0,4.0,2.0,1.0,B+,B,B,C-,A-,B+,B-,4.0,2.0,4.0,1.0,3.0,3.0,5.0,2.0,4.0,5.0,4.0,2.0,1.0,3.0,3.0,B,A-,B+,B,B,C+,A+,1.0,5.0,1.0,3.0,4.0,4.0,2.0,3.0,4.0,4.0,1.0,4.0,2.0,3.0,5.0
2022772150,123,student78@gmail.com,Farah,Abdullah,Female,013-7501747,UiTM Kampus Jasin,FSKM,CDCS230,2,Incomplete,UiTM Kampus Jasin,,,,,,,,,,,,,,,,,,,,,,,,,,,,,,,,,,,,,,,,,,,,,,,,,,,,,,,,,,,,,,,,,,,,,,,,,,,,,,,,,,,,,,,,,,,,,,,,,,,,,,,,,,,,,,A,A+,B+,B+,A+,A-,A,2.0,1.0,1.0,1.0,1.0,2.0,2.0,2.0,2.0,2.0,2.0,2.0,1.0,1.0,1.0
2022745052,123,student79@gmail.com,Zulaikha,Hassan,Female,017-5621368,UiTM Kampus Jasin,FSKM,CDCS230,2,Incomplete,UiTM Kampus Jasin,,,,,,,,,,,,,,,,,,,,,,,,,,,,,,,,,,,,,,,,,,,,,,,,,,,,,,,,,,,,,,,,,,,,,,,,,,,,,,,,,,,,,,,,,,,,,,,,,,,,,,,,,,,,,,A,A-,A+,B+,B+,C,C-,1.0,1.0,1.0,1.0,2.0,1.0,2.0,2.0,1.0,1.0,2.0,2.0,2.0,2.0,1.0
2022320821,123,student80@gmail.com,Farah,Ismail,Female,018-0112920,UiTM Kampus Jasin,FSKM,CDCS230,6,Incomplete,UiTM Kampus Jasin,,,,,,,,,,,,,,,,,,,,,A,B+,B+,A+,A+,A-,C-,5.0,3.0,4.0,4.0,5.0,4.0,4.0,3.0,3.0,3.0,5.0,3.0,3.0,5.0,3.0,B+,A+,A,A+,A-,B+,C,5.0,1.0,2.0,5.0,2.0,1.0,1.0,2.0,1.0,1.0,4.0,4.0,3.0,2.0,3.0,A+,A,B+,A,B+,A,B-,B-,5.0,4.0,4.0,5.0,5.0,2.0,3.0,4.0,5.0,2.0,3.0,2.0,1.0,3.0,3.0,A+,A+,A+,B+,D+,A+,D+,5.0,4.0,5.0,1.0,1.0,1.0,3.0,1.0,2.0,4.0,3.0,5.0,5.0,5.0,4.0,A,A,A+,A-,A,B+,B+,5.0,3.0,2.0,5.0,1.0,5.0,5.0,5.0,1.0,3.0,5.0,1.0,1.0,4.0,2.0
2024285436,123,student81@gmail.com,Danial,Abdullah,Male,016-2503635,UiTM Kampus Jasin,FSKM,CDCS230,1,Incomplete,UiTM Kampus Jasin,,,,,,,,,,,,,,,,,,,,,,,,,,,,,,,,,,,,,,,,,,,,,,,,,,,,,,,,,,,,,,,,,,,,,,,,,,,,,,,,,,,,,,,,,,,,,,,,,,,,,,,,,,,,,,,,,,,,,,,,,,,,,,,,,,,
2022711173,123,student82@gmail.com,Irfan,Latif,Male,016-2843592,UiTM Kampus Jasin,FSKM,CDCS230,6,Incomplete,UiTM Kampus Jasin,,,,,,,,,,,,,,,,,,,,,A-,A,A-,C,C-,A,C+,4.0,3.0,3.0,4.0,4.0,3.0,5.0,4.0,4.0,3.0,3.0,3.0,5.0,5.0,5.0,A,A+,A,A+,D+,A,B-,5.0,1.0,1.0,1.0,2.0,2.0,2.0,1.0,3.0,5.0,5.0,2.0,3.0,4.0,2.0,B+,A-,A,B+,C-,A+,C,B-,5.0,2.0,2.0,4.0,1.0,3.0,3.0,5.0,5.0,3.0,4.0,4.0,1.0,5.0,2.0,A,B+,A-,A-,A+,D+,B-,3.0,4.0,1.0,5.0,4.0,4.0,4.0,3.0,1.0,2.0,3.0,4.0,5.0,3.0,5.0,A+,A+,A,B+,A,B+,C,5.0,4.0,3.0,4.0,1.0,4.0,5.0,5.0,4.0,1.0,2.0,5.0,4.0,2.0,1.0
2025688157,123,student83@gmail.com,Farah,Yusof,Female,017-3547325,UiTM Kampus Jasin,FSKM,CDCS230,3,Incomplete,UiTM Kampus Jasin,,,,,,,,,,,,,,,,,,,,,,,,,,,,,,,,,,,,,,,,,,,,,,,,,,,,,,,,,,,,,,,,,,,,,,,,,,,,,,,,,,,,,,,,B+,A-,B+,B,A,A-,A,2.0,1.0,2.0,1.0,1.0,2.0,1.0,2.0,2.0,1.0,1.0,2.0,1.0,1.0,2.0,A-,A,B+,A,A,D+,B,2.0,2.0,1.0,5.0,5.0,3.0,3.0,1.0,4.0,1.0,5.0,1.0,2.0,2.0,1.0
2025338524,123,student84@gmail.com,Nurul,Rahman,Female,018-2363225,UiTM Kampus Jasin,FSKM,CDCS230,6,Incomplete,UiTM Kampus Jasin,,,,,,,,,,,,,,,,,,,,,A,B+,A,B+,B,A,B+,2.0,1.0,1.0,1.0,2.0,2.0,2.0,2.0,2.0,2.0,1.0,1.0,1.0,2.0,2.0,A,A-,A-,A,C+,A,B+,2.0,1.0,5.0,1.0,4.0,1.0,3.0,1.0,1.0,5.0,2.0,2.0,2.0,1.0,5.0,A-,B+,A+,A+,B-,B+,A+,B+,4.0,5.0,3.0,1.0,1.0,5.0,3.0,2.0,5.0,3.0,1.0,2.0,1.0,1.0,5.0,B+,A+,A,C,C-,A,C+,5.0,5.0,3.0,5.0,4.0,4.0,3.0,4.0,5.0,1.0,5.0,5.0,2.0,2.0,1.0,B+,B+,A-,A,B+,A-,C,2.0,1.0,2.0,4.0,5.0,1.0,3.0,4.0,2.0,5.0,3.0,1.0,2.0,3.0,3.0
2025733761,123,student85@gmail.com,Aisyah,Abdullah,Female,011-52746633,UiTM Kampus Jasin,FSKM,CDCS230,1,Incomplete,UiTM Kampus Jasin,,,,,,,,,,,,,,,,,,,,,,,,,,,,,,,,,,,,,,,,,,,,,,,,,,,,,,,,,,,,,,,,,,,,,,,,,,,,,,,,,,,,,,,,,,,,,,,,,,,,,,,,,,,,,,,,,,,,,,,,,,,,,,,,,,,
2024889479,123,student86@gmail.com,Aqil,Hassan,Male,018-2250882,UiTM Kampus Jasin,FSKM,CDCS230,1,Incomplete,UiTM Kampus Jasin,,,,,,,,,,,,,,,,,,,,,,,,,,,,,,,,,,,,,,,,,,,,,,,,,,,,,,,,,,,,,,,,,,,,,,,,,,,,,,,,,,,,,,,,,,,,,,,,,,,,,,,,,,,,,,,,,,,,,,,,,,,,,,,,,,,
2022837096,123,student87@gmail.com,Liyana,Hassan,Female,013-3394142,UiTM Kampus Jasin,FSKM,CDCS230,6,Incomplete,UiTM Kampus Jasin,,,,,,,,,,,,,,,,,,,,,A,A+,A-,A+,D+,B+,D+,1.0,1.0,1.0,1.0,2.0,1.0,1.0,1.0,2.0,1.0,2.0,1.0,2.0,2.0,2.0,B+,A-,A+,A+,A,B+,A-,5.0,1.0,2.0,3.0,3.0,3.0,2.0,2.0,1.0,1.0,2.0,4.0,1.0,1.0,2.0,A+,B+,A+,A-,A,A,D+,D+,2.0,4.0,4.0,3.0,1.0,2.0,4.0,1.0,3.0,2.0,3.0,1.0,1.0,1.0,4.0,A+,A+,A,C+,C-,A-,A-,2.0,1.0,3.0,5.0,4.0,5.0,5.0,3.0,3.0,2.0,1.0,4.0,5.0,3.0,4.0,A-,A+,A+,A-,B+,A+,D+,4.0,5.0,5.0,2.0,1.0,1.0,4.0,5.0,4.0,5.0,1.0,5.0,4.0,5.0,5.0
2024301096,123,student88@gmail.com,Nurul,Khalid,Female,013-5957811,UiTM Kampus Jasin,FSKM,CDCS230,6,Incomplete,UiTM Kampus Jasin,,,,,,,,,,,,,,,,,,,,,A,A-,A-,A,C,A+,A,1.0,2.0,2.0,1.0,1.0,2.0,1.0,1.0,1.0,1.0,1.0,1.0,1.0,2.0,1.0,A+,A+,A,A-,C,A,C+,2.0,2.0,1.0,5.0,3.0,1.0,4.0,1.0,4.0,2.0,5.0,1.0,2.0,3.0,4.0,A-,A,A,A-,A,A,C,B-,4.0,2.0,3.0,4.0,4.0,4.0,4.0,1.0,4.0,1.0,4.0,5.0,2.0,5.0,5.0,A,A-,A,A+,B+,C-,A-,1.0,5.0,3.0,4.0,2.0,5.0,5.0,1.0,4.0,3.0,2.0,1.0,2.0,3.0,1.0,B+,B+,A,A,A+,A+,A,4.0,2.0,5.0,3.0,3.0,3.0,4.0,4.0,3.0,2.0,4.0,2.0,4.0,2.0,4.0
2025560968,123,student89@gmail.com,Hannah,Ismail,Female,011-76874968,UiTM Kampus Jasin,FSKM,CDCS230,6,Incomplete,UiTM Kampus Jasin,,,,,,,,,,,,,,,,,,,,,B+,A-,B+,B-,A-,B,B,1.0,2.0,1.0,2.0,2.0,1.0,2.0,2.0,1.0,1.0,1.0,1.0,2.0,2.0,1.0,B,B+,A-,B,B-,A-,C,1.0,4.0,3.0,1.0,3.0,5.0,2.0,1.0,3.0,2.0,5.0,2.0,5.0,3.0,3.0,A-,A-,A-,B,A+,B,B,B,5.0,2.0,5.0,3.0,3.0,2.0,5.0,4.0,3.0,5.0,3.0,3.0,1.0,5.0,2.0,B+,B+,B+,A,A,C+,D+,1.0,4.0,2.0,1.0,5.0,1.0,4.0,5.0,1.0,4.0,1.0,1.0,4.0,3.0,3.0,B+,B,B,A-,B,A+,C-,1.0,4.0,1.0,3.0,2.0,5.0,2.0,3.0,1.0,1.0,3.0,4.0,2.0,2.0,5.0
2023593835,123,student90@gmail.com,Nurul,Hassan,Female,010-0300343,UiTM Kampus Jasin,FSKM,CDCS230,2,Incomplete,UiTM Kampus Jasin,,,,,,,,,,,,,,,,,,,,,,,,,,,,,,,,,,,,,,,,,,,,,,,,,,,,,,,,,,,,,,,,,,,,,,,,,,,,,,,,,,,,,,,,,,,,,,,,,,,,,,,,,,,,,,B+,B+,B,B+,A-,C,B,5.0,5.0,5.0,3.0,5.0,4.0,3.0,5.0,4.0,3.0,5.0,3.0,4.0,3.0,3.0
2024275641,123,student91@gmail.com,Liyana,Ismail,Female,013-3585389,UiTM Kampus Jasin,FSKM,CDCS230,6,Incomplete,UiTM Kampus Jasin,,,,,,,,,,,,,,,,,,,,,A-,A-,B+,C-,C+,B+,A,5.0,4.0,3.0,3.0,4.0,5.0,4.0,3.0,4.0,4.0,5.0,5.0,5.0,5.0,4.0,B,B,B,B,B,B,A-,1.0,5.0,1.0,1.0,4.0,4.0,4.0,3.0,2.0,1.0,4.0,4.0,2.0,2.0,5.0,B+,B+,B+,B+,A-,A-,C+,B,1.0,2.0,3.0,1.0,5.0,3.0,1.0,1.0,4.0,3.0,2.0,2.0,1.0,2.0,3.0,B,A-,A-,D+,B-,B,A+,4.0,2.0,3.0,2.0,1.0,4.0,3.0,3.0,4.0,2.0,3.0,3.0,1.0,3.0,1.0,B+,A-,B+,B+,A-,A+,C,4.0,2.0,4.0,5.0,3.0,3.0,1.0,4.0,3.0,1.0,5.0,2.0,1.0,3.0,5.0
2024252979,123,student92@gmail.com,Ahmad,Latif,Male,019-0606919,UiTM Kampus Jasin,FSKM,CDCS230,6,Incomplete,UiTM Kampus Jasin,,,,,,,,,,,,,,,,,,,,,B+,A+,A,D+,C,A,C-,5.0,5.0,4.0,3.0,4.0,3.0,3.0,5.0,5.0,3.0,5.0,4.0,4.0,4.0,3.0,B+,A-,A-,A-,B-,B+,C+,2.0,2.0,3.0,5.0,5.0,3.0,5.0,3.0,5.0,3.0,3.0,4.0,2.0,3.0,3.0,A+,A,B+,B+,C,B+,B-,A,2.0,3.0,4.0,2.0,3.0,1.0,5.0,3.0,4.0,3.0,2.0,1.0,2.0,4.0,3.0,A+,A+,B+,A-,D+,C+,C+,1.0,1.0,1.0,1.0,3.0,2.0,4.0,1.0,1.0,3.0,1.0,1.0,3.0,4.0,1.0,A-,A,A-,A-,B+,A+,B,2.0,1.0,1.0,5.0,2.0,5.0,2.0,3.0,3.0,2.0,4.0,3.0,5.0,1.0,4.0
2022572005,123,student93@gmail.com,Kamal,Yusof,Male,013-2937089,UiTM Kampus Jasin,FSKM,CDCS230,5,Incomplete,UiTM Kampus Jasin,,,,,,,,,,,,,,,,,,,,,,,,,,,,,,,,,,,,,,,,,,,A-,A-,A,A+,A+,A+,C-,5.0,5.0,3.0,4.0,3.0,5.0,5.0,5.0,4.0,3.0,3.0,5.0,3.0,4.0,5.0,B+,A,B+,B+,D+,B+,C-,C-,4.0,4.0,1.0,4.0,1.0,2.0,3.0,4.0,5.0,4.0,4.0,5.0,5.0,4.0,1.0,A,B+,A-,B+,D+,C-,A+,1.0,5.0,2.0,5.0,2.0,3.0,5.0,1.0,1.0,3.0,5.0,2.0,1.0,3.0,5.0,A-,A,B+,A-,B+,C,B,2.0,2.0,4.0,4.0,4.0,2.0,5.0,2.0,4.0,2.0,4.0,4.0,5.0,3.0,3.0
2023983248,123,student94@gmail.com,Zulaikha,Khalid,Female,012-5941816,UiTM Kampus Jasin,FSKM,CDCS230,6,Incomplete,UiTM Kampus Jasin,,,,,,,,,,,,,,,,,,,,,A-,A-,A-,B,B-,B+,C-,2.0,2.0,2.0,1.0,2.0,2.0,1.0,2.0,1.0,1.0,2.0,2.0,1.0,1.0,1.0,A-,B+,A-,A-,A+,B+,D+,3.0,1.0,3.0,5.0,1.0,5.0,4.0,1.0,2.0,1.0,4.0,1.0,3.0,5.0,2.0,B,B+,B+,B+,B,A-,C-,D+,5.0,2.0,5.0,1.0,5.0,3.0,2.0,3.0,5.0,2.0,5.0,3.0,2.0,4.0,2.0,B+,B+,A-,A+,C-,A+,B+,1.0,2.0,5.0,2.0,3.0,3.0,5.0,2.0,4.0,5.0,4.0,3.0,5.0,3.0,3.0,B,A-,B+,A-,B,A,B,1.0,4.0,1.0,1.0,5.0,3.0,3.0,5.0,2.0,5.0,1.0,5.0,3.0,3.0,4.0
2024548441,123,student95@gmail.com,Farah,Hassan,Female,018-6667525,UiTM Kampus Jasin,FSKM,CDCS230,6,Incomplete,UiTM Kampus Jasin,,,,,,,,,,,,,,,,,,,,,C+,C+,C+,C+,D+,C+,A,5.0,3.0,3.0,5.0,4.0,4.0,3.0,3.0,4.0,4.0,5.0,5.0,3.0,4.0,4.0,C+,B-,C+,C,A,B-,D+,4.0,2.0,1.0,1.0,4.0,2.0,1.0,5.0,3.0,3.0,4.0,3.0,5.0,2.0,1.0,C,B-,C+,B-,C,C+,C-,C+,1.0,1.0,1.0,1.0,3.0,2.0,1.0,3.0,1.0,2.0,2.0,1.0,3.0,4.0,4.0,C,B-,C,B-,B+,A,C-,5.0,4.0,4.0,5.0,5.0,4.0,1.0,4.0,4.0,4.0,2.0,4.0,2.0,4.0,1.0,C+,B-,B-,C,C,B+,C+,5.0,2.0,2.0,5.0,3.0,1.0,5.0,1.0,3.0,3.0,4.0,5.0,1.0,3.0,5.0
2025073303,123,student96@gmail.com,Nurul,Yusof,Female,010-7533712,UiTM Kampus Jasin,FSKM,CDCS230,4,Incomplete,UiTM Kampus Jasin,,,,,,,,,,,,,,,,,,,,,,,,,,,,,,,,,,,,,,,,,,,,,,,,,,,,,,,,,,,,,,,,,A,B+,A+,A-,D+,A+,C+,B,3.0,5.0,4.0,4.0,3.0,3.0,3.0,5.0,4.0,3.0,3.0,4.0,4.0,4.0,5.0,B+,A+,A+,A+,B-,C+,A-,5.0,3.0,1.0,2.0,4.0,3.0,5.0,4.0,2.0,2.0,1.0,3.0,2.0,2.0,5.0,B+,A+,B+,A+,A-,B+,A+,1.0,2.0,3.0,2.0,5.0,5.0,5.0,5.0,2.0,4.0,4.0,1.0,1.0,3.0,4.0
2022066518,123,student97@gmail.com,Zulaikha,Khalid,Female,012-6517221,UiTM Kampus Jasin,FSKM,CDCS230,7,Incomplete,UiTM Kampus Jasin,B-,A,A-,C,A,5.0,5.0,4.0,4.0,5.0,4.0,5.0,4.0,4.0,3.0,4.0,5.0,4.0,3.0,4.0,B+,B+,A+,B+,C+,A,C+,3.0,2.0,1.0,5.0,1.0,2.0,1.0,3.0,3.0,3.0,2.0,2.0,5.0,5.0,4.0,B+,B+,B+,A-,B,A+,A+,5.0,4.0,2.0,5.0,5.0,4.0,2.0,5.0,3.0,2.0,5.0,3.0,2.0,4.0,1.0,A,A-,A+,A,C+,A-,C,B-,1.0,2.0,1.0,2.0,1.0,5.0,4.0,5.0,3.0,3.0,4.0,4.0,4.0,1.0,2.0,A,A,A,A-,A+,A+,C+,1.0,3.0,3.0,1.0,4.0,2.0,2.0,1.0,3.0,4.0,5.0,1.0,2.0,1.0,3.0,A-,A-,A+,A,A,D+,C,2.0,4.0,2.0,4.0,1.0,2.0,5.0,3.0,3.0,2.0,2.0,1.0,4.0,2.0,2.0
2024191716,123,student98@gmail.com,Zulaikha,Latif,Female,019-4411045,UiTM Kampus Jasin,FSKM,CDCS230,2,Incomplete,UiTM Kampus Jasin,,,,,,,,,,,,,,,,,,,,,,,,,,,,,,,,,,,,,,,,,,,,,,,,,,,,,,,,,,,,,,,,,,,,,,,,,,,,,,,,,,,,,,,,,,,,,,,,,,,,,,,,,,,,,,A-,B,B+,B+,A-,B-,B,2.0,1.0,1.0,2.0,2.0,2.0,2.0,1.0,2.0,2.0,2.0,2.0,1.0,1.0,1.0
2023587356,123,student99@gmail.com,Aqil,Yusof,Male,018-2642194,UiTM Kampus Jasin,FSKM,CDCS230,4,Incomplete,UiTM Kampus Jasin,,,,,,,,,,,,,,,,,,,,,,,,,,,,,,,,,,,,,,,,,,,,,,,,,,,,,,,,,,,,,,,,,A+,A+,B+,A-,A,A-,C,C,4.0,4.0,5.0,5.0,5.0,5.0,4.0,5.0,4.0,5.0,4.0,5.0,3.0,3.0,5.0,B+,A,A-,A+,B-,A,C-,2.0,4.0,1.0,4.0,3.0,3.0,1.0,1.0,3.0,4.0,4.0,2.0,1.0,5.0,3.0,A-,B+,B+,A+,B+,B+,C-,5.0,2.0,5.0,3.0,4.0,4.0,4.0,5.0,2.0,3.0,1.0,1.0,3.0,2.0,4.0
2025515144,123,student100@gmail.com,Danial,Rahman,Male,011-13660831,UiTM Kampus Jasin,FSKM,CDCS230,1,Incomplete,UiTM Kampus Jasin,,,,,,,,,,,,,,,,,,,,,,,,,,,,,,,,,,,,,,,,,,,,,,,,,,,,,,,,,,,,,,,,,,,,,,,,,,,,,,,,,,,,,,,,,,,,,,,,,,,,,,,,,,,,,,,,,,,,,,,,,,,,,,,,,,,
2023074814,123,student101@gmail.com,Aqil,Yusof,Male,017-5350792,UiTM Kampus Jasin,FSKM,CDCS230,5,Incomplete,UiTM Kampus Jasin,,,,,,,,,,,,,,,,,,,,,,,,,,,,,,,,,,,,,,,,,,,B+,A-,B+,B,B+,B+,A+,1.0,1.0,1.0,1.0,1.0,2.0,2.0,2.0,1.0,1.0,1.0,2.0,1.0,2.0,1.0,A-,B,B+,B,C-,B,B-,A,5.0,4.0,1.0,5.0,4.0,1.0,2.0,5.0,2.0,2.0,4.0,4.0,5.0,4.0,2.0,B+,B+,A-,B-,C-,A,B+,4.0,3.0,2.0,1.0,1.0,5.0,2.0,2.0,3.0,3.0,5.0,2.0,4.0,4.0,1.0,B+,B,B,B,B,D+,A,5.0,2.0,1.0,5.0,5.0,4.0,4.0,5.0,3.0,3.0,1.0,3.0,2.0,2.0,3.0
2024818421,123,student102@gmail.com,Amira,Yusof,Female,011-07327861,UiTM Kampus Jasin,FSKM,CDCS230,1,Incomplete,UiTM Kampus Jasin,,,,,,,,,,,,,,,,,,,,,,,,,,,,,,,,,,,,,,,,,,,,,,,,,,,,,,,,,,,,,,,,,,,,,,,,,,,,,,,,,,,,,,,,,,,,,,,,,,,,,,,,,,,,,,,,,,,,,,,,,,,,,,,,,,,
2024700966,123,student103@gmail.com,Nurul,Rahman,Female,019-2517825,UiTM Kampus Jasin,FSKM,CDCS230,1,Incomplete,UiTM Kampus Jasin,,,,,,,,,,,,,,,,,,,,,,,,,,,,,,,,,,,,,,,,,,,,,,,,,,,,,,,,,,,,,,,,,,,,,,,,,,,,,,,,,,,,,,,,,,,,,,,,,,,,,,,,,,,,,,,,,,,,,,,,,,,,,,,,,,,
2024791262,123,student104@gmail.com,Siti,Khalid,Female,011-05276786,UiTM Kampus Jasin,FSKM,CDCS230,1,Incomplete,UiTM Kampus Jasin,,,,,,,,,,,,,,,,,,,,,,,,,,,,,,,,,,,,,,,,,,,,,,,,,,,,,,,,,,,,,,,,,,,,,,,,,,,,,,,,,,,,,,,,,,,,,,,,,,,,,,,,,,,,,,,,,,,,,,,,,,,,,,,,,,,
2023217090,123,student105@gmail.com,Farah,Latif,Female,014-4995716,UiTM Kampus Jasin,FSKM,CDCS230,4,Incomplete,UiTM Kampus Jasin,,,,,,,,,,,,,,,,,,,,,,,,,,,,,,,,,,,,,,,,,,,,,,,,,,,,,,,,,,,,,,,,,B-,C,B-,C,C,C,B+,A-,2.0,1.0,1.0,1.0,2.0,1.0,2.0,1.0,2.0,2.0,1.0,1.0,2.0,2.0,1.0,C,B-,B-,A,D+,A+,A-,1.0,3.0,5.0,2.0,1.0,3.0,2.0,5.0,1.0,2.0,4.0,5.0,2.0,5.0,3.0,B-,C,C,B-,C,B,B-,2.0,2.0,3.0,3.0,1.0,1.0,2.0,5.0,3.0,4.0,4.0,2.0,4.0,1.0,2.0
2024820149,123,student106@gmail.com,Rizwan,Khalid,Male,011-38324058,UiTM Kampus Jasin,FSKM,CDCS230,3,Incomplete,UiTM Kampus Jasin,,,,,,,,,,,,,,,,,,,,,,,,,,,,,,,,,,,,,,,,,,,,,,,,,,,,,,,,,,,,,,,,,,,,,,,,,,,,,,,,,,,,,,,,B-,C,C,B-,C-,C+,B+,4.0,4.0,5.0,5.0,3.0,5.0,5.0,5.0,5.0,4.0,5.0,5.0,4.0,5.0,4.0,C,B-,C+,C,C+,B,A-,1.0,5.0,5.0,3.0,2.0,4.0,3.0,5.0,5.0,3.0,1.0,3.0,3.0,4.0,2.0
2022883644,123,student107@gmail.com,Aisyah,Latif,Female,017-8069852,UiTM Kampus Jasin,FSKM,CDCS230,6,Incomplete,UiTM Kampus Jasin,,,,,,,,,,,,,,,,,,,,,A-,A-,B+,C-,B-,A-,D+,2.0,1.0,2.0,1.0,2.0,2.0,2.0,1.0,2.0,2.0,1.0,1.0,1.0,2.0,1.0,B+,B,B,B,D+,A-,D+,1.0,3.0,3.0,1.0,2.0,1.0,2.0,5.0,1.0,1.0,2.0,5.0,5.0,4.0,2.0,B,B+,A-,A-,A,B+,B,A,4.0,4.0,4.0,1.0,5.0,1.0,4.0,5.0,2.0,4.0,1.0,3.0,4.0,3.0,4.0,B,B+,B,A+,B-,A+,B-,2.0,5.0,1.0,1.0,5.0,3.0,5.0,1.0,3.0,1.0,4.0,4.0,3.0,5.0,5.0,B+,B+,B,B+,B,C+,C,3.0,5.0,2.0,4.0,3.0,2.0,4.0,1.0,1.0,3.0,5.0,1.0,2.0,3.0,4.0
2022827482,123,student108@gmail.com,Hakim,Hassan,Male,014-2212332,UiTM Kampus Jasin,FSKM,CDCS230,2,Incomplete,UiTM Kampus Jasin,,,,,,,,,,,,,,,,,,,,,,,,,,,,,,,,,,,,,,,,,,,,,,,,,,,,,,,,,,,,,,,,,,,,,,,,,,,,,,,,,,,,,,,,,,,,,,,,,,,,,,,,,,,,,,B,B+,B,B+,A-,A,B-,2.0,2.0,2.0,1.0,1.0,2.0,2.0,1.0,1.0,2.0,2.0,2.0,2.0,1.0,1.0
2022332350,123,student109@gmail.com,Siti,Ismail,Female,013-0863552,UiTM Kampus Jasin,FSKM,CDCS230,6,Incomplete,UiTM Kampus Jasin,,,,,,,,,,,,,,,,,,,,,A+,A+,A,C-,A,A+,D+,1.0,2.0,2.0,2.0,1.0,1.0,2.0,2.0,1.0,1.0,2.0,2.0,1.0,1.0,2.0,A+,A,A+,B+,A+,B+,C-,3.0,4.0,3.0,3.0,4.0,2.0,5.0,3.0,5.0,2.0,4.0,3.0,1.0,2.0,3.0,A,A+,B+,A+,A+,A,D+,A+,4.0,1.0,4.0,1.0,4.0,3.0,3.0,5.0,1.0,3.0,4.0,1.0,4.0,5.0,3.0,A,A+,A,A-,B+,C,C-,1.0,1.0,5.0,2.0,3.0,4.0,5.0,3.0,5.0,1.0,4.0,1.0,1.0,3.0,4.0,A+,B+,A,A-,B+,B-,B,2.0,3.0,1.0,1.0,5.0,4.0,2.0,5.0,5.0,1.0,2.0,5.0,2.0,5.0,1.0
2023372109,123,student110@gmail.com,Aqil,Latif,Male,017-3983121,UiTM Kampus Jasin,FSKM,CDCS230,5,Incomplete,UiTM Kampus Jasin,,,,,,,,,,,,,,,,,,,,,,,,,,,,,,,,,,,,,,,,,,,A-,B,A-,A-,A,B,A,1.0,1.0,1.0,2.0,2.0,2.0,2.0,1.0,1.0,2.0,2.0,2.0,1.0,1.0,1.0,A-,A-,B+,B,C,B+,A-,C+,5.0,1.0,2.0,3.0,1.0,3.0,3.0,2.0,5.0,1.0,5.0,4.0,1.0,4.0,3.0,B,B+,A-,D+,A-,A-,C-,3.0,2.0,4.0,2.0,2.0,2.0,4.0,3.0,2.0,3.0,1.0,2.0,5.0,2.0,1.0,B,A-,B,B,B+,B+,A+,1.0,4.0,3.0,2.0,1.0,3.0,3.0,2.0,2.0,5.0,4.0,5.0,1.0,5.0,2.0
2023621386,123,student111@gmail.com,Danial,Ismail,Male,013-9386544,UiTM Kampus Jasin,FSKM,CDCS230,4,Incomplete,UiTM Kampus Jasin,,,,,,,,,,,,,,,,,,,,,,,,,,,,,,,,,,,,,,,,,,,,,,,,,,,,,,,,,,,,,,,,,B-,B-,B-,C,D+,C+,A,B,3.0,3.0,4.0,5.0,4.0,3.0,4.0,5.0,4.0,5.0,4.0,3.0,3.0,4.0,4.0,C+,C+,C,C,A-,C-,B+,4.0,1.0,3.0,5.0,2.0,3.0,2.0,4.0,5.0,1.0,4.0,3.0,2.0,3.0,3.0,B-,B-,C,B-,B-,C-,B-,5.0,4.0,5.0,3.0,2.0,1.0,3.0,4.0,2.0,3.0,3.0,1.0,4.0,5.0,5.0
2025029044,123,student112@gmail.com,Aisyah,Yusof,Female,010-9255658,UiTM Kampus Jasin,FSKM,CDCS230,6,Incomplete,UiTM Kampus Jasin,,,,,,,,,,,,,,,,,,,,,C,C+,C+,A-,C+,C,C+,5.0,3.0,5.0,5.0,3.0,4.0,5.0,5.0,3.0,3.0,3.0,5.0,3.0,3.0,5.0,B-,B-,C+,C,B-,C+,A-,2.0,2.0,5.0,4.0,2.0,3.0,4.0,5.0,3.0,4.0,4.0,5.0,5.0,3.0,5.0,B-,B-,B-,B-,B+,C+,B,A+,4.0,2.0,2.0,2.0,1.0,3.0,4.0,4.0,3.0,2.0,4.0,2.0,3.0,3.0,4.0,B-,C+,C+,B-,A+,B+,A-,3.0,5.0,2.0,1.0,4.0,2.0,1.0,1.0,3.0,1.0,4.0,4.0,3.0,3.0,3.0,B-,C+,B-,C,C+,C-,A+,1.0,4.0,4.0,4.0,1.0,5.0,3.0,4.0,5.0,2.0,1.0,5.0,3.0,3.0,5.0
2023299423,123,student113@gmail.com,Zulaikha,Rahman,Female,019-2103877,UiTM Kampus Jasin,FSKM,CDCS230,1,Incomplete,UiTM Kampus Jasin,,,,,,,,,,,,,,,,,,,,,,,,,,,,,,,,,,,,,,,,,,,,,,,,,,,,,,,,,,,,,,,,,,,,,,,,,,,,,,,,,,,,,,,,,,,,,,,,,,,,,,,,,,,,,,,,,,,,,,,,,,,,,,,,,,,
2023934440,123,student114@gmail.com,Danial,Khalid,Male,019-0223724,UiTM Kampus Jasin,FSKM,CDCS230,1,Incomplete,UiTM Kampus Jasin,,,,,,,,,,,,,,,,,,,,,,,,,,,,,,,,,,,,,,,,,,,,,,,,,,,,,,,,,,,,,,,,,,,,,,,,,,,,,,,,,,,,,,,,,,,,,,,,,,,,,,,,,,,,,,,,,,,,,,,,,,,,,,,,,,,
2023227727,123,student115@gmail.com,Kamal,Khalid,Male,013-6093773,UiTM Kampus Jasin,FSKM,CDCS230,3,Incomplete,UiTM Kampus Jasin,,,,,,,,,,,,,,,,,,,,,,,,,,,,,,,,,,,,,,,,,,,,,,,,,,,,,,,,,,,,,,,,,,,,,,,,,,,,,,,,,,,,,,,,A,B+,A+,B+,B,A-,A,4.0,5.0,4.0,5.0,4.0,3.0,5.0,3.0,4.0,4.0,5.0,3.0,4.0,4.0,4.0,C,C+,B-,C,B-,B+,C,1.0,1.0,5.0,5.0,3.0,3.0,3.0,1.0,2.0,5.0,5.0,5.0,4.0,4.0,4.0
2022964211,123,student116@gmail.com,Farah,Rahman,Female,012-1867934,UiTM Kampus Jasin,FSKM,CDCS230,2,Incomplete,UiTM Kampus Jasin,,,,,,,,,,,,,,,,,,,,,,,,,,,,,,,,,,,,,,,,,,,,,,,,,,,,,,,,,,,,,,,,,,,,,,,,,,,,,,,,,,,,,,,,,,,,,,,,,,,,,,,,,,,,,,A-,B+,A-,A-,A+,C-,C+,4.0,3.0,3.0,4.0,5.0,4.0,4.0,5.0,5.0,5.0,5.0,5.0,4.0,5.0,4.0
2024763937,123,student117@gmail.com,Farah,Ismail,Female,018-3294833,UiTM Kampus Jasin,FSKM,CDCS230,1,Incomplete,UiTM Kampus Jasin,,,,,,,,,,,,,,,,,,,,,,,,,,,,,,,,,,,,,,,,,,,,,,,,,,,,,,,,,,,,,,,,,,,,,,,,,,,,,,,,,,,,,,,,,,,,,,,,,,,,,,,,,,,,,,,,,,,,,,,,,,,,,,,,,,,
2023912093,123,student118@gmail.com,Aisyah,Ismail,Female,012-7163285,UiTM Kampus Jasin,FSKM,CDCS230,6,Incomplete,UiTM Kampus Jasin,,,,,,,,,,,,,,,,,,,,,C,C+,C,B,B-,C+,B-,1.0,1.0,1.0,2.0,1.0,2.0,1.0,1.0,1.0,1.0,2.0,2.0,2.0,1.0,2.0,C+,C,B-,B-,A-,C+,A,5.0,4.0,2.0,4.0,5.0,2.0,5.0,3.0,5.0,3.0,1.0,3.0,4.0,1.0,1.0,C,C,C+,C+,C+,B-,C-,C-,5.0,2.0,3.0,1.0,5.0,5.0,3.0,1.0,1.0,4.0,3.0,1.0,2.0,5.0,2.0,C,C,B-,B-,B-,B,C+,4.0,5.0,1.0,2.0,4.0,2.0,5.0,4.0,2.0,1.0,2.0,3.0,4.0,1.0,4.0,B-,C+,C+,B-,C+,C-,A-,3.0,5.0,3.0,3.0,1.0,3.0,3.0,5.0,1.0,5.0,4.0,5.0,4.0,4.0,1.0
2025703697,123,student119@gmail.com,Farah,Abdullah,Female,016-3515247,UiTM Kampus Jasin,FSKM,CDCS230,1,Incomplete,UiTM Kampus Jasin,,,,,,,,,,,,,,,,,,,,,,,,,,,,,,,,,,,,,,,,,,,,,,,,,,,,,,,,,,,,,,,,,,,,,,,,,,,,,,,,,,,,,,,,,,,,,,,,,,,,,,,,,,,,,,,,,,,,,,,,,,,,,,,,,,,
2023972844,123,student120@gmail.com,Amira,Latif,Female,018-3378715,UiTM Kampus Jasin,FSKM,CDCS230,3,Incomplete,UiTM Kampus Jasin,,,,,,,,,,,,,,,,,,,,,,,,,,,,,,,,,,,,,,,,,,,,,,,,,,,,,,,,,,,,,,,,,,,,,,,,,,,,,,,,,,,,,,,,C+,C+,C,B-,C-,C+,C+,2.0,1.0,1.0,2.0,2.0,1.0,1.0,1.0,2.0,2.0,2.0,2.0,1.0,2.0,1.0,C+,C,B-,C+,B-,B+,B-,4.0,3.0,3.0,3.0,4.0,2.0,1.0,4.0,2.0,4.0,1.0,2.0,2.0,1.0,3.0
2022456129,123,student121@gmail.com,Siti,Latif,Female,016-5849418,UiTM Kampus Jasin,FSKM,CDCS230,6,Incomplete,UiTM Kampus Jasin,,,,,,,,,,,,,,,,,,,,,A,A+,A,D+,A-,B+,B+,4.0,5.0,5.0,3.0,4.0,4.0,3.0,5.0,5.0,4.0,3.0,3.0,4.0,3.0,3.0,A,A+,A,A+,B-,A-,B-,5.0,1.0,3.0,1.0,5.0,5.0,2.0,2.0,2.0,2.0,4.0,1.0,1.0,2.0,4.0,A-,A-,B+,A+,A-,A-,B,B+,3.0,5.0,2.0,5.0,2.0,3.0,5.0,4.0,1.0,1.0,4.0,2.0,2.0,2.0,5.0,A+,A+,A,A-,B-,D+,B-,3.0,1.0,3.0,3.0,4.0,3.0,5.0,1.0,4.0,1.0,4.0,5.0,1.0,2.0,3.0,A+,B+,A-,B+,A,A+,C+,1.0,3.0,2.0,2.0,2.0,1.0,5.0,3.0,1.0,4.0,2.0,5.0,3.0,1.0,4.0
2023281404,123,student122@gmail.com,Farah,Khalid,Female,014-7902560,UiTM Kampus Jasin,FSKM,CDCS230,2,Incomplete,UiTM Kampus Jasin,,,,,,,,,,,,,,,,,,,,,,,,,,,,,,,,,,,,,,,,,,,,,,,,,,,,,,,,,,,,,,,,,,,,,,,,,,,,,,,,,,,,,,,,,,,,,,,,,,,,,,,,,,,,,,A,A-,A,A-,A+,B-,C-,2.0,1.0,2.0,1.0,1.0,1.0,1.0,1.0,1.0,1.0,2.0,1.0,1.0,2.0,1.0
2023541232,123,student123@gmail.com,Amira,Hassan,Female,017-5053851,UiTM Kampus Jasin,FSKM,CDCS230,2,Incomplete,UiTM Kampus Jasin,,,,,,,,,,,,,,,,,,,,,,,,,,,,,,,,,,,,,,,,,,,,,,,,,,,,,,,,,,,,,,,,,,,,,,,,,,,,,,,,,,,,,,,,,,,,,,,,,,,,,,,,,,,,,,A+,A-,A-,B+,A,B-,B,5.0,3.0,5.0,5.0,4.0,5.0,5.0,5.0,5.0,3.0,4.0,3.0,5.0,3.0,3.0
2023226983,123,student124@gmail.com,Nurul,Khalid,Female,012-9461319,UiTM Kampus Jasin,FSKM,CDCS230,6,Incomplete,UiTM Kampus Jasin,,,,,,,,,,,,,,,,,,,,,C,C+,C,C-,C,C+,D+,1.0,1.0,2.0,1.0,2.0,1.0,2.0,2.0,2.0,1.0,1.0,2.0,1.0,1.0,2.0,C,C+,C,C,C+,C+,B-,1.0,2.0,1.0,1.0,2.0,1.0,3.0,4.0,2.0,2.0,2.0,3.0,2.0,4.0,5.0,C+,B-,C+,B-,B,C+,D+,D+,2.0,5.0,1.0,2.0,3.0,2.0,4.0,2.0,4.0,5.0,4.0,4.0,1.0,5.0,3.0,B-,B-,C,C-,B+,A-,A+,4.0,3.0,3.0,4.0,3.0,3.0,2.0,1.0,1.0,1.0,2.0,4.0,1.0,5.0,3.0,C+,B-,C+,C+,C,C,B,5.0,4.0,3.0,4.0,3.0,3.0,5.0,3.0,3.0,3.0,1.0,1.0,1.0,1.0,3.0
2025112847,123,student125@gmail.com,Siti,Rahman,Female,018-3274059,UiTM Kampus Jasin,FSKM,CDCS230,3,Incomplete,UiTM Kampus Jasin,,,,,,,,,,,,,,,,,,,,,,,,,,,,,,,,,,,,,,,,,,,,,,,,,,,,,,,,,,,,,,,,,,,,,,,,,,,,,,,,,,,,,,,,B,B+,B,A-,B,A-,C+,3.0,3.0,3.0,3.0,4.0,3.0,4.0,4.0,4.0,4.0,3.0,4.0,3.0,3.0,4.0,B,B+,B,B,B+,C-,B-,5.0,2.0,5.0,3.0,5.0,4.0,4.0,2.0,1.0,1.0,2.0,3.0,3.0,4.0,4.0
2023465667,123,student126@gmail.com,Danial,Latif,Male,011-76390133,UiTM Kampus Jasin,FSKM,CDCS230,5,Incomplete,UiTM Kampus Jasin,,,,,,,,,,,,,,,,,,,,,,,,,,,,,,,,,,,,,,,,,,,B-,B-,B-,C+,B,B-,C-,5.0,4.0,4.0,5.0,3.0,5.0,5.0,5.0,5.0,3.0,3.0,4.0,5.0,5.0,3.0,C,B-,B-,B-,A+,C,D+,A-,1.0,2.0,2.0,4.0,1.0,3.0,1.0,5.0,3.0,4.0,5.0,1.0,3.0,1.0,5.0,B-,B-,B-,C,B-,C-,C-,2.0,4.0,4.0,1.0,4.0,3.0,4.0,4.0,2.0,1.0,1.0,4.0,4.0,1.0,5.0,C+,B-,C+,C,C,C+,B,1.0,1.0,3.0,4.0,5.0,5.0,4.0,5.0,4.0,3.0,1.0,1.0,3.0,5.0,1.0
2025316237,123,student127@gmail.com,Hannah,Yusof,Female,012-7516071,UiTM Kampus Jasin,FSKM,CDCS230,6,Incomplete,UiTM Kampus Jasin,,,,,,,,,,,,,,,,,,,,,C+,B-,C+,B-,A,C,B+,2.0,2.0,2.0,2.0,1.0,1.0,2.0,1.0,1.0,2.0,1.0,2.0,2.0,2.0,2.0,C,C+,C+,B-,B-,C+,B-,3.0,2.0,5.0,3.0,4.0,3.0,1.0,4.0,2.0,3.0,2.0,2.0,4.0,2.0,2.0,C,B-,C+,B-,A+,C+,D+,B-,1.0,1.0,4.0,5.0,1.0,5.0,5.0,2.0,3.0,3.0,3.0,1.0,5.0,4.0,5.0,C,C+,B-,D+,B,C-,C-,3.0,2.0,3.0,2.0,4.0,3.0,5.0,1.0,1.0,3.0,4.0,4.0,1.0,2.0,3.0,C+,C+,B-,C,B-,D+,B+,5.0,2.0,3.0,2.0,3.0,1.0,4.0,5.0,2.0,1.0,3.0,3.0,2.0,2.0,3.0
2025324908,123,student128@gmail.com,Zulaikha,Hassan,Female,017-7225698,UiTM Kampus Jasin,FSKM,CDCS230,1,Incomplete,UiTM Kampus Jasin,,,,,,,,,,,,,,,,,,,,,,,,,,,,,,,,,,,,,,,,,,,,,,,,,,,,,,,,,,,,,,,,,,,,,,,,,,,,,,,,,,,,,,,,,,,,,,,,,,,,,,,,,,,,,,,,,,,,,,,,,,,,,,,,,,,
2025211935,123,student129@gmail.com,Farah,Yusof,Female,012-0417087,UiTM Kampus Jasin,FSKM,CDCS230,1,Incomplete,UiTM Kampus Jasin,,,,,,,,,,,,,,,,,,,,,,,,,,,,,,,,,,,,,,,,,,,,,,,,,,,,,,,,,,,,,,,,,,,,,,,,,,,,,,,,,,,,,,,,,,,,,,,,,,,,,,,,,,,,,,,,,,,,,,,,,,,,,,,,,,,
2023335601,123,student130@gmail.com,Kamal,Hassan,Male,014-7510123,UiTM Kampus Jasin,FSKM,CDCS230,1,Incomplete,UiTM Kampus Jasin,,,,,,,,,,,,,,,,,,,,,,,,,,,,,,,,,,,,,,,,,,,,,,,,,,,,,,,,,,,,,,,,,,,,,,,,,,,,,,,,,,,,,,,,,,,,,,,,,,,,,,,,,,,,,,,,,,,,,,,,,,,,,,,,,,,
2024434098,123,student131@gmail.com,Kamal,Hassan,Male,011-11097282,UiTM Kampus Jasin,FSKM,CDCS230,3,Incomplete,UiTM Kampus Jasin,,,,,,,,,,,,,,,,,,,,,,,,,,,,,,,,,,,,,,,,,,,,,,,,,,,,,,,,,,,,,,,,,,,,,,,,,,,,,,,,,,,,,,,,C,C+,C,C+,A+,B-,B,4.0,4.0,3.0,5.0,4.0,4.0,3.0,3.0,5.0,4.0,5.0,4.0,5.0,3.0,4.0,B+,B+,B+,A-,B,D+,C-,1.0,4.0,5.0,1.0,5.0,2.0,5.0,5.0,3.0,1.0,3.0,2.0,2.0,1.0,4.0
2022274888,123,student132@gmail.com,Rizwan,Abdullah,Male,019-6011628,UiTM Kampus Jasin,FSKM,CDCS230,2,Incomplete,UiTM Kampus Jasin,,,,,,,,,,,,,,,,,,,,,,,,,,,,,,,,,,,,,,,,,,,,,,,,,,,,,,,,,,,,,,,,,,,,,,,,,,,,,,,,,,,,,,,,,,,,,,,,,,,,,,,,,,,,,,B-,C+,C,C,B-,A+,B,3.0,5.0,3.0,5.0,4.0,5.0,3.0,3.0,3.0,4.0,5.0,3.0,4.0,3.0,4.0
2023688506,123,student133@gmail.com,Zulaikha,Yusof,Female,019-6146032,UiTM Kampus Jasin,FSKM,CDCS230,5,Incomplete,UiTM Kampus Jasin,,,,,,,,,,,,,,,,,,,,,,,,,,,,,,,,,,,,,,,,,,,B-,C,C,B-,C-,C+,B+,4.0,4.0,5.0,5.0,3.0,5.0,5.0,5.0,5.0,4.0,5.0,5.0,4.0,5.0,4.0,C+,B-,B-,B-,C,C+,A,B,2.0,5.0,3.0,2.0,5.0,3.0,3.0,4.0,4.0,4.0,1.0,3.0,5.0,2.0,5.0,B-,C,C+,B+,B-,A,D+,5.0,4.0,4.0,1.0,2.0,1.0,5.0,1.0,5.0,4.0,1.0,2.0,5.0,3.0,3.0,B-,C+,C+,B-,C+,B,C-,4.0,5.0,2.0,2.0,1.0,3.0,4.0,4.0,2.0,5.0,5.0,3.0,4.0,5.0,1.0
2023372259,123,student134@gmail.com,Amira,Hassan,Female,017-2588967,UiTM Kampus Jasin,FSKM,CDCS230,2,Incomplete,UiTM Kampus Jasin,,,,,,,,,,,,,,,,,,,,,,,,,,,,,,,,,,,,,,,,,,,,,,,,,,,,,,,,,,,,,,,,,,,,,,,,,,,,,,,,,,,,,,,,,,,,,,,,,,,,,,,,,,,,,,B+,B+,A-,B,B+,B+,B-,1.0,2.0,2.0,1.0,1.0,2.0,2.0,2.0,2.0,2.0,1.0,2.0,1.0,2.0,1.0
2025548843,123,student135@gmail.com,Hannah,Rahman,Female,018-3894235,UiTM Kampus Jasin,FSKM,CDCS230,3,Incomplete,UiTM Kampus Jasin,,,,,,,,,,,,,,,,,,,,,,,,,,,,,,,,,,,,,,,,,,,,,,,,,,,,,,,,,,,,,,,,,,,,,,,,,,,,,,,,,,,,,,,,C,B-,C,B-,C-,C,B,1.0,2.0,1.0,2.0,2.0,1.0,2.0,2.0,1.0,1.0,1.0,1.0,2.0,1.0,2.0,C,B-,B-,C+,C,B+,D+,4.0,3.0,5.0,4.0,3.0,5.0,1.0,3.0,2.0,5.0,2.0,5.0,1.0,3.0,2.0
2025906404,123,student136@gmail.com,Zulaikha,Rahman,Female,014-3778261,UiTM Kampus Jasin,FSKM,CDCS230,3,Incomplete,UiTM Kampus Jasin,,,,,,,,,,,,,,,,,,,,,,,,,,,,,,,,,,,,,,,,,,,,,,,,,,,,,,,,,,,,,,,,,,,,,,,,,,,,,,,,,,,,,,,,B+,B+,A-,A-,A-,A,A,2.0,2.0,2.0,2.0,2.0,1.0,2.0,1.0,2.0,2.0,1.0,1.0,1.0,1.0,1.0,A-,B+,A-,A+,A-,B-,C+,1.0,4.0,1.0,2.0,5.0,4.0,4.0,3.0,1.0,3.0,3.0,1.0,1.0,2.0,4.0
2025628177,123,student137@gmail.com,Amira,Ismail,Female,017-7201850,UiTM Kampus Jasin,FSKM,CDCS230,7,Incomplete,UiTM Kampus Jasin,C,B+,C+,C,B+,3.0,4.0,3.0,4.0,4.0,3.0,5.0,5.0,5.0,4.0,4.0,4.0,3.0,5.0,3.0,A-,A-,B+,B+,B+,B+,C+,5.0,4.0,1.0,3.0,3.0,1.0,3.0,4.0,3.0,3.0,4.0,4.0,5.0,3.0,3.0,B+,A-,A-,A-,B-,A-,B+,2.0,5.0,5.0,3.0,3.0,4.0,2.0,5.0,4.0,5.0,3.0,2.0,4.0,3.0,1.0,B,B+,B+,B+,B+,A-,C+,C+,4.0,1.0,2.0,4.0,2.0,5.0,2.0,3.0,1.0,4.0,2.0,1.0,4.0,2.0,1.0,A-,A-,B,A,B-,C-,C-,4.0,4.0,1.0,4.0,5.0,3.0,4.0,5.0,2.0,3.0,4.0,3.0,2.0,5.0,2.0,B+,A-,A-,A-,B+,C,A-,4.0,1.0,1.0,2.0,1.0,3.0,4.0,2.0,2.0,1.0,2.0,2.0,3.0,5.0,3.0
2025156519,123,student138@gmail.com,Liyana,Hassan,Female,019-7899271,UiTM Kampus Jasin,FSKM,CDCS230,6,Incomplete,UiTM Kampus Jasin,,,,,,,,,,,,,,,,,,,,,A,A-,B+,A,C-,A,C,3.0,4.0,3.0,4.0,4.0,5.0,5.0,5.0,4.0,4.0,5.0,4.0,5.0,5.0,4.0,A-,A-,A-,B+,B-,B+,A+,5.0,5.0,1.0,1.0,5.0,1.0,2.0,2.0,5.0,4.0,1.0,2.0,3.0,3.0,4.0,A-,A-,A,A+,C+,B+,D+,C,1.0,1.0,5.0,5.0,1.0,3.0,5.0,4.0,2.0,1.0,1.0,3.0,1.0,2.0,2.0,A,B+,A,B+,C-,C,B-,3.0,5.0,5.0,2.0,1.0,2.0,2.0,1.0,4.0,5.0,5.0,3.0,5.0,5.0,1.0,A+,A+,A+,A-,A+,C+,B,3.0,2.0,4.0,1.0,5.0,1.0,3.0,3.0,3.0,1.0,5.0,5.0,2.0,3.0,4.0
2025058891,123,student139@gmail.com,Hannah,Khalid,Female,013-5211837,UiTM Kampus Jasin,FSKM,CDCS230,5,Incomplete,UiTM Kampus Jasin,,,,,,,,,,,,,,,,,,,,,,,,,,,,,,,,,,,,,,,,,,,B,A-,B+,B,A-,B,C-,1.0,2.0,2.0,2.0,2.0,2.0,1.0,2.0,2.0,1.0,1.0,2.0,1.0,2.0,2.0,B,A-,B,B,A+,A-,A+,B+,3.0,1.0,2.0,2.0,1.0,4.0,2.0,3.0,1.0,5.0,4.0,3.0,2.0,4.0,4.0,B,B,A-,A,B+,C,D+,2.0,1.0,3.0,4.0,4.0,3.0,4.0,1.0,5.0,2.0,5.0,3.0,1.0,4.0,4.0,A-,B+,A-,B+,A-,D+,A+,2.0,3.0,1.0,5.0,3.0,1.0,4.0,5.0,1.0,1.0,2.0,1.0,5.0,4.0,2.0
2022639440,123,student140@gmail.com,Danial,Yusof,Male,013-4420568,UiTM Kampus Jasin,FSKM,CDCS230,1,Incomplete,UiTM Kampus Jasin,,,,,,,,,,,,,,,,,,,,,,,,,,,,,,,,,,,,,,,,,,,,,,,,,,,,,,,,,,,,,,,,,,,,,,,,,,,,,,,,,,,,,,,,,,,,,,,,,,,,,,,,,,,,,,,,,,,,,,,,,,,,,,,,,,,
2023728176,123,student141@gmail.com,Aisyah,Khalid,Female,014-4683878,UiTM Kampus Jasin,FSKM,CDCS230,5,Incomplete,UiTM Kampus Jasin,,,,,,,,,,,,,,,,,,,,,,,,,,,,,,,,,,,,,,,,,,,A,B+,A+,B+,B,A-,A,4.0,5.0,4.0,5.0,4.0,3.0,5.0,3.0,4.0,4.0,5.0,3.0,4.0,4.0,4.0,B+,B+,A-,A-,C+,A-,C,C-,2.0,5.0,5.0,2.0,5.0,4.0,2.0,2.0,1.0,1.0,2.0,4.0,1.0,3.0,1.0,A+,A,A,C-,C+,B-,A,1.0,4.0,1.0,5.0,5.0,1.0,4.0,4.0,1.0,4.0,2.0,5.0,5.0,3.0,4.0,B+,A-,A-,A,A,A+,C-,1.0,2.0,1.0,3.0,3.0,2.0,3.0,4.0,3.0,1.0,4.0,2.0,3.0,4.0,5.0
2022253379,123,student142@gmail.com,Irfan,Latif,Male,013-7561020,UiTM Kampus Jasin,FSKM,CDCS230,3,Incomplete,UiTM Kampus Jasin,,,,,,,,,,,,,,,,,,,,,,,,,,,,,,,,,,,,,,,,,,,,,,,,,,,,,,,,,,,,,,,,,,,,,,,,,,,,,,,,,,,,,,,,B-,C+,C,B-,D+,C,A+,1.0,2.0,1.0,2.0,2.0,2.0,1.0,2.0,2.0,2.0,1.0,2.0,1.0,2.0,1.0,C+,C,C+,C+,C+,C-,B+,5.0,1.0,5.0,4.0,3.0,5.0,1.0,5.0,4.0,3.0,5.0,4.0,3.0,3.0,2.0
2023169215,123,student143@gmail.com,Amira,Yusof,Female,016-2772814,UiTM Kampus Jasin,FSKM,CDCS230,6,Incomplete,UiTM Kampus Jasin,,,,,,,,,,,,,,,,,,,,,C+,C,B-,C+,B,C,B-,1.0,1.0,1.0,1.0,2.0,1.0,2.0,2.0,1.0,1.0,1.0,2.0,2.0,1.0,2.0,C,C+,C+,C,D+,C,D+,1.0,1.0,3.0,2.0,1.0,1.0,4.0,5.0,2.0,4.0,3.0,3.0,2.0,1.0,3.0,C+,B-,C,C+,D+,C+,C,C-,3.0,3.0,3.0,5.0,5.0,1.0,3.0,4.0,5.0,2.0,3.0,2.0,4.0,5.0,5.0,C+,C,C+,B-,A,A,A,1.0,5.0,3.0,4.0,4.0,1.0,4.0,3.0,1.0,4.0,3.0,4.0,4.0,3.0,3.0,C,B-,C+,B-,C+,A-,C-,1.0,3.0,4.0,5.0,3.0,4.0,5.0,1.0,5.0,1.0,4.0,4.0,2.0,3.0,1.0
2023078381,123,student144@gmail.com,Zulaikha,Khalid,Female,011-40642443,UiTM Kampus Jasin,FSKM,CDCS230,1,Incomplete,UiTM Kampus Jasin,,,,,,,,,,,,,,,,,,,,,,,,,,,,,,,,,,,,,,,,,,,,,,,,,,,,,,,,,,,,,,,,,,,,,,,,,,,,,,,,,,,,,,,,,,,,,,,,,,,,,,,,,,,,,,,,,,,,,,,,,,,,,,,,,,,
2023490754,123,student145@gmail.com,Faiz,Abdullah,Male,010-1917050,UiTM Kampus Jasin,FSKM,CDCS230,5,Incomplete,UiTM Kampus Jasin,,,,,,,,,,,,,,,,,,,,,,,,,,,,,,,,,,,,,,,,,,,B+,A+,B+,A+,B,A,A-,4.0,5.0,4.0,4.0,5.0,5.0,4.0,5.0,4.0,4.0,3.0,5.0,4.0,5.0,3.0,B+,A-,A,A+,D+,A,B,B+,3.0,5.0,5.0,4.0,1.0,3.0,1.0,4.0,5.0,2.0,4.0,1.0,2.0,1.0,3.0,B+,A,A+,C+,B+,B+,A-,5.0,3.0,1.0,5.0,1.0,4.0,3.0,4.0,2.0,1.0,3.0,1.0,3.0,5.0,3.0,B+,B+,A-,A+,A-,B-,B-,3.0,4.0,2.0,5.0,3.0,3.0,4.0,5.0,2.0,4.0,2.0,4.0,5.0,5.0,1.0
2024602072,123,student146@gmail.com,Ahmad,Khalid,Male,016-9574739,UiTM Kampus Jasin,FSKM,CDCS230,2,Incomplete,UiTM Kampus Jasin,,,,,,,,,,,,,,,,,,,,,,,,,,,,,,,,,,,,,,,,,,,,,,,,,,,,,,,,,,,,,,,,,,,,,,,,,,,,,,,,,,,,,,,,,,,,,,,,,,,,,,,,,,,,,,B-,B-,C+,C,C+,B-,B-,3.0,4.0,4.0,3.0,4.0,4.0,4.0,4.0,4.0,4.0,4.0,5.0,5.0,3.0,5.0
2024644855,123,student147@gmail.com,Zulaikha,Yusof,Female,011-02729116,UiTM Kampus Jasin,FSKM,CDCS230,5,Incomplete,UiTM Kampus Jasin,,,,,,,,,,,,,,,,,,,,,,,,,,,,,,,,,,,,,,,,,,,A,B+,A+,A-,C,A,B-,5.0,5.0,3.0,4.0,4.0,3.0,3.0,3.0,3.0,4.0,3.0,4.0,5.0,5.0,4.0,A+,A-,A+,A-,A,B+,B-,B+,1.0,2.0,1.0,5.0,1.0,2.0,5.0,1.0,3.0,5.0,2.0,1.0,4.0,4.0,4.0,A,B+,A,C-,B+,A+,D+,1.0,2.0,4.0,1.0,3.0,4.0,5.0,5.0,5.0,2.0,1.0,4.0,1.0,2.0,5.0,A,B+,A+,A,A-,A,A-,4.0,3.0,4.0,4.0,5.0,4.0,1.0,4.0,5.0,1.0,1.0,5.0,1.0,3.0,1.0
2022827827,123,student148@gmail.com,Rizwan,Yusof,Male,013-2253234,UiTM Kampus Jasin,FSKM,CDCS230,7,Incomplete,UiTM Kampus Jasin,A+,B-,B+,B+,D+,1.0,1.0,2.0,1.0,2.0,2.0,2.0,3.0,1.0,1.0,2.0,2.0,2.0,1.0,1.0,A-,A+,A,A-,B+,A,C,5.0,3.0,2.0,4.0,1.0,1.0,3.0,1.0,2.0,2.0,4.0,3.0,5.0,4.0,4.0,B+,B+,A,A-,B-,B+,A,4.0,5.0,4.0,3.0,3.0,3.0,3.0,5.0,1.0,3.0,2.0,3.0,3.0,3.0,3.0,A-,B+,B+,B+,C-,A+,A-,C-,5.0,4.0,1.0,2.0,2.0,2.0,3.0,3.0,4.0,2.0,1.0,2.0,4.0,5.0,3.0,A,A,A,A-,B-,B-,B,2.0,1.0,2.0,5.0,4.0,3.0,1.0,3.0,4.0,5.0,4.0,5.0,3.0,4.0,3.0,B+,B+,A+,A+,A+,B+,B-,4.0,3.0,4.0,1.0,2.0,5.0,3.0,1.0,2.0,5.0,2.0,3.0,3.0,2.0,4.0
2023987946,123,student149@gmail.com,Rizwan,Khalid,Male,016-4310101,UiTM Kampus Jasin,FSKM,CDCS230,2,Incomplete,UiTM Kampus Jasin,,,,,,,,,,,,,,,,,,,,,,,,,,,,,,,,,,,,,,,,,,,,,,,,,,,,,,,,,,,,,,,,,,,,,,,,,,,,,,,,,,,,,,,,,,,,,,,,,,,,,,,,,,,,,,A-,A-,B+,B+,B,C-,C-,1.0,1.0,2.0,2.0,2.0,1.0,1.0,2.0,2.0,1.0,1.0,1.0,1.0,1.0,2.0
2024291536,123,student150@gmail.com,Farah,Abdullah,Female,013-4472944,UiTM Kampus Jasin,FSKM,CDCS230,6,Incomplete,UiTM Kampus Jasin,,,,,,,,,,,,,,,,,,,,,B,B+,B+,B,A-,A-,B,1.0,2.0,1.0,1.0,1.0,1.0,2.0,1.0,1.0,1.0,1.0,2.0,2.0,1.0,1.0,B,B,B,A-,B,B+,D+,2.0,1.0,2.0,4.0,4.0,4.0,3.0,2.0,3.0,3.0,5.0,2.0,3.0,3.0,3.0,A-,B+,B+,A-,D+,B,A,B-,1.0,4.0,2.0,3.0,3.0,5.0,3.0,2.0,5.0,2.0,1.0,3.0,4.0,4.0,1.0,A-,B+,B+,C+,A-,C-,B+,4.0,2.0,3.0,1.0,3.0,1.0,2.0,4.0,4.0,5.0,4.0,5.0,1.0,3.0,5.0,B,B,B,B+,A-,A-,B,5.0,4.0,2.0,1.0,1.0,5.0,1.0,4.0,4.0,1.0,3.0,5.0,4.0,3.0,1.0
2023271046,123,student151@gmail.com,Rizwan,Latif,Male,019-2233171,UiTM Kampus Jasin,FSKM,CDCS230,4,Incomplete,UiTM Kampus Jasin,,,,,,,,,,,,,,,,,,,,,,,,,,,,,,,,,,,,,,,,,,,,,,,,,,,,,,,,,,,,,,,,,B-,B-,C+,B-,B-,C+,A-,A-,4.0,5.0,5.0,3.0,5.0,4.0,4.0,4.0,3.0,5.0,4.0,4.0,5.0,5.0,3.0,C,B-,C,B,A-,B-,D+,3.0,3.0,4.0,1.0,3.0,5.0,4.0,2.0,3.0,1.0,4.0,2.0,4.0,2.0,3.0,C,C+,C,C+,C+,C,D+,1.0,4.0,4.0,3.0,4.0,5.0,4.0,2.0,5.0,5.0,5.0,5.0,3.0,4.0,4.0
2022915750,123,student152@gmail.com,Nurul,Yusof,Female,018-8854882,UiTM Kampus Jasin,FSKM,CDCS230,6,Incomplete,UiTM Kampus Jasin,,,,,,,,,,,,,,,,,,,,,B,A-,B+,B,B+,B+,B-,5.0,3.0,3.0,5.0,3.0,5.0,5.0,4.0,3.0,3.0,4.0,4.0,3.0,3.0,3.0,B+,B,B,A-,C,A-,A+,1.0,3.0,1.0,4.0,4.0,1.0,4.0,5.0,4.0,2.0,3.0,3.0,3.0,1.0,2.0,B+,B+,A-,B+,B,A-,A-,D+,4.0,5.0,5.0,3.0,3.0,2.0,4.0,3.0,1.0,3.0,3.0,5.0,3.0,3.0,2.0,B,B,B+,B,C,C+,B,2.0,5.0,5.0,3.0,1.0,5.0,2.0,5.0,3.0,2.0,2.0,2.0,4.0,5.0,3.0,A-,B,B,B+,B,D+,A-,2.0,1.0,1.0,1.0,3.0,5.0,1.0,5.0,3.0,2.0,5.0,4.0,5.0,4.0,1.0
2022080227,123,student153@gmail.com,Nurul,Ismail,Female,014-0530048,UiTM Kampus Jasin,FSKM,CDCS230,6,Incomplete,UiTM Kampus Jasin,,,,,,,,,,,,,,,,,,,,,C,C+,C,C-,B,C,D+,2.0,2.0,1.0,2.0,2.0,1.0,1.0,2.0,2.0,2.0,2.0,1.0,2.0,1.0,2.0,B-,C,C,B-,C-,B-,A,4.0,1.0,1.0,4.0,4.0,3.0,5.0,1.0,5.0,5.0,2.0,2.0,3.0,4.0,5.0,B-,B-,C,C+,B+,B-,D+,D+,4.0,4.0,3.0,5.0,1.0,1.0,5.0,4.0,3.0,2.0,1.0,1.0,4.0,5.0,4.0,C,B-,C,A,C,B+,B-,1.0,2.0,1.0,5.0,1.0,3.0,1.0,1.0,3.0,3.0,1.0,1.0,4.0,4.0,5.0,B-,C+,B-,B-,C+,A,C,5.0,2.0,5.0,3.0,5.0,5.0,2.0,2.0,5.0,1.0,3.0,4.0,3.0,5.0,1.0
2025693469,123,student154@gmail.com,Kamal,Khalid,Male,019-4938355,UiTM Kampus Jasin,FSKM,CDCS230,2,Incomplete,UiTM Kampus Jasin,,,,,,,,,,,,,,,,,,,,,,,,,,,,,,,,,,,,,,,,,,,,,,,,,,,,,,,,,,,,,,,,,,,,,,,,,,,,,,,,,,,,,,,,,,,,,,,,,,,,,,,,,,,,,,B+,B+,B,B,B,B,B,3.0,4.0,4.0,5.0,4.0,4.0,5.0,5.0,4.0,5.0,5.0,3.0,3.0,5.0,5.0
2023315906,123,student155@gmail.com,Danial,Latif,Male,013-8684240,UiTM Kampus Jasin,FSKM,CDCS230,4,Incomplete,UiTM Kampus Jasin,,,,,,,,,,,,,,,,,,,,,,,,,,,,,,,,,,,,,,,,,,,,,,,,,,,,,,,,,,,,,,,,,B,B,A-,B+,B,A-,A-,C-,1.0,2.0,1.0,2.0,1.0,2.0,2.0,1.0,2.0,2.0,1.0,1.0,2.0,1.0,1.0,A-,B,B+,A+,C+,A+,B,4.0,2.0,2.0,2.0,1.0,5.0,2.0,3.0,2.0,5.0,4.0,1.0,4.0,1.0,4.0,A-,B+,B,B+,A-,A+,B,4.0,3.0,3.0,1.0,2.0,3.0,3.0,4.0,3.0,4.0,3.0,1.0,1.0,2.0,4.0
2024805942,123,student156@gmail.com,Aisyah,Ismail,Female,019-6381416,UiTM Kampus Jasin,FSKM,CDCS230,4,Incomplete,UiTM Kampus Jasin,,,,,,,,,,,,,,,,,,,,,,,,,,,,,,,,,,,,,,,,,,,,,,,,,,,,,,,,,,,,,,,,,B-,B-,C,C,B-,C,C+,A,1.0,1.0,2.0,2.0,2.0,1.0,1.0,1.0,1.0,2.0,1.0,1.0,1.0,1.0,2.0,B-,B-,C+,B,A,B+,A,3.0,3.0,2.0,2.0,3.0,4.0,4.0,5.0,5.0,5.0,3.0,1.0,1.0,4.0,4.0,C,C,C,C+,C,B-,A-,3.0,2.0,1.0,4.0,4.0,1.0,1.0,1.0,1.0,4.0,1.0,3.0,5.0,1.0,1.0
2023194772,123,student157@gmail.com,Nurul,Yusof,Female,012-1484352,UiTM Kampus Jasin,FSKM,CDCS230,6,Incomplete,UiTM Kampus Jasin,,,,,,,,,,,,,,,,,,,,,C,C+,C,B+,C,C+,C+,1.0,2.0,2.0,2.0,1.0,1.0,1.0,1.0,1.0,2.0,2.0,1.0,2.0,1.0,1.0,C,B-,C+,B-,C-,C+,B,4.0,5.0,2.0,2.0,5.0,4.0,5.0,2.0,2.0,2.0,2.0,2.0,4.0,3.0,5.0,C,B-,B-,B-,D+,B-,B+,D+,3.0,4.0,5.0,1.0,1.0,1.0,3.0,5.0,5.0,1.0,4.0,3.0,2.0,4.0,3.0,C+,B-,C+,C,C+,C+,A,3.0,2.0,4.0,4.0,5.0,4.0,5.0,2.0,2.0,1.0,4.0,1.0,4.0,2.0,1.0,C,B-,C+,C,C,C+,C+,1.0,4.0,2.0,2.0,5.0,1.0,3.0,3.0,4.0,5.0,5.0,5.0,3.0,1.0,1.0
2024814366,123,student158@gmail.com,Nurul,Hassan,Female,013-1431763,UiTM Kampus Jasin,FSKM,CDCS230,6,Incomplete,UiTM Kampus Jasin,,,,,,,,,,,,,,,,,,,,,B,B+,B,B,A-,A-,B,1.0,1.0,2.0,2.0,1.0,2.0,2.0,2.0,1.0,1.0,2.0,2.0,2.0,1.0,1.0,B,B,A-,B,D+,B,A+,4.0,1.0,2.0,5.0,3.0,2.0,1.0,3.0,5.0,5.0,5.0,1.0,1.0,4.0,5.0,B+,B+,B,A-,B-,B,A+,A+,5.0,5.0,2.0,1.0,4.0,2.0,4.0,3.0,4.0,2.0,4.0,5.0,2.0,4.0,3.0,A-,A-,B,A+,A+,B,C,3.0,5.0,2.0,4.0,2.0,5.0,5.0,4.0,1.0,1.0,5.0,1.0,2.0,1.0,5.0,A-,A-,A-,B+,B+,D+,A-,1.0,1.0,4.0,3.0,2.0,1.0,4.0,4.0,4.0,4.0,2.0,3.0,5.0,5.0,2.0
2025083865,123,student159@gmail.com,Aqil,Khalid,Male,014-3589156,UiTM Kampus Jasin,FSKM,CDCS230,4,Incomplete,UiTM Kampus Jasin,,,,,,,,,,,,,,,,,,,,,,,,,,,,,,,,,,,,,,,,,,,,,,,,,,,,,,,,,,,,,,,,,C,C+,C+,C+,B,C+,A,A,2.0,2.0,2.0,2.0,1.0,1.0,1.0,2.0,2.0,2.0,1.0,2.0,1.0,1.0,1.0,B-,C+,C,C-,B-,C,D+,1.0,3.0,3.0,1.0,3.0,1.0,3.0,2.0,5.0,2.0,3.0,5.0,5.0,1.0,4.0,B-,C,C,C,C,D+,C,4.0,4.0,2.0,1.0,1.0,4.0,1.0,4.0,5.0,4.0,4.0,2.0,4.0,5.0,2.0
2023794284,123,student160@gmail.com,Amira,Khalid,Female,019-0334238,UiTM Kampus Jasin,FSKM,CDCS230,2,Incomplete,UiTM Kampus Jasin,,,,,,,,,,,,,,,,,,,,,,,,,,,,,,,,,,,,,,,,,,,,,,,,,,,,,,,,,,,,,,,,,,,,,,,,,,,,,,,,,,,,,,,,,,,,,,,,,,,,,,,,,,,,,,B,B,B+,B,A-,B,B,1.0,2.0,1.0,2.0,1.0,1.0,1.0,1.0,2.0,1.0,2.0,2.0,2.0,2.0,2.0
2024117461,123,student161@gmail.com,Hannah,Abdullah,Female,018-6022688,UiTM Kampus Jasin,FSKM,CDCS230,5,Incomplete,UiTM Kampus Jasin,,,,,,,,,,,,,,,,,,,,,,,,,,,,,,,,,,,,,,,,,,,C+,C,C,C,B+,C,B,2.0,1.0,1.0,2.0,2.0,1.0,1.0,1.0,2.0,2.0,2.0,1.0,1.0,2.0,2.0,C,C,C+,C+,B,C+,B+,D+,5.0,1.0,1.0,1.0,4.0,4.0,5.0,4.0,3.0,5.0,1.0,1.0,5.0,5.0,3.0,C+,C+,C+,A,A+,C-,C+,4.0,1.0,5.0,3.0,3.0,3.0,4.0,4.0,4.0,3.0,3.0,2.0,1.0,3.0,3.0,C+,C,C+,B-,C,C,C-,4.0,1.0,4.0,3.0,2.0,2.0,2.0,1.0,1.0,3.0,3.0,3.0,2.0,2.0,1.0
2025581037,123,student162@gmail.com,Aisyah,Ismail,Female,013-0038997,UiTM Kampus Jasin,FSKM,CDCS230,2,Incomplete,UiTM Kampus Jasin,,,,,,,,,,,,,,,,,,,,,,,,,,,,,,,,,,,,,,,,,,,,,,,,,,,,,,,,,,,,,,,,,,,,,,,,,,,,,,,,,,,,,,,,,,,,,,,,,,,,,,,,,,,,,,A-,B,A-,B,B,B,A+,2.0,2.0,2.0,1.0,2.0,2.0,2.0,2.0,2.0,2.0,2.0,2.0,1.0,2.0,1.0
2025808370,123,student163@gmail.com,Hannah,Ismail,Female,010-8455857,UiTM Kampus Jasin,FSKM,CDCS230,4,Incomplete,UiTM Kampus Jasin,,,,,,,,,,,,,,,,,,,,,,,,,,,,,,,,,,,,,,,,,,,,,,,,,,,,,,,,,,,,,,,,,B+,A-,A-,A,D+,A+,B-,A,2.0,2.0,2.0,2.0,2.0,2.0,1.0,1.0,1.0,2.0,1.0,2.0,2.0,2.0,2.0,A,A-,A,A-,C,B,B+,2.0,3.0,2.0,5.0,3.0,4.0,2.0,3.0,2.0,5.0,1.0,1.0,5.0,4.0,1.0,A-,B+,B+,A-,B+,A-,C+,4.0,5.0,1.0,4.0,2.0,5.0,3.0,4.0,1.0,1.0,5.0,3.0,2.0,1.0,1.0
2024866797,123,student164@gmail.com,Ahmad,Rahman,Male,018-0104660,UiTM Kampus Jasin,FSKM,CDCS230,3,Incomplete,UiTM Kampus Jasin,,,,,,,,,,,,,,,,,,,,,,,,,,,,,,,,,,,,,,,,,,,,,,,,,,,,,,,,,,,,,,,,,,,,,,,,,,,,,,,,,,,,,,,,B-,B-,C,C,B-,B-,A+,2.0,2.0,1.0,2.0,2.0,1.0,2.0,2.0,2.0,2.0,2.0,1.0,2.0,2.0,2.0,B,B,B+,B,A-,A,B+,2.0,2.0,3.0,2.0,3.0,3.0,5.0,4.0,4.0,4.0,1.0,4.0,1.0,2.0,2.0
2023414974,123,student165@gmail.com,Kamal,Ismail,Male,011-80260303,UiTM Kampus Jasin,FSKM,CDCS230,3,Incomplete,UiTM Kampus Jasin,,,,,,,,,,,,,,,,,,,,,,,,,,,,,,,,,,,,,,,,,,,,,,,,,,,,,,,,,,,,,,,,,,,,,,,,,,,,,,,,,,,,,,,,A-,A+,B+,A,C+,A+,B-,2.0,2.0,1.0,1.0,2.0,2.0,1.0,1.0,1.0,2.0,1.0,2.0,2.0,2.0,1.0,C+,C+,C,C+,C+,B-,A+,4.0,2.0,2.0,2.0,3.0,5.0,4.0,3.0,2.0,2.0,3.0,4.0,3.0,5.0,5.0
2024272922,123,student166@gmail.com,Aisyah,Abdullah,Female,018-1952500,UiTM Kampus Jasin,FSKM,CDCS230,6,Incomplete,UiTM Kampus Jasin,,,,,,,,,,,,,,,,,,,,,A+,A-,A+,B+,B+,A-,C+,1.0,1.0,2.0,2.0,2.0,1.0,2.0,1.0,2.0,1.0,2.0,1.0,1.0,2.0,2.0,B+,A-,A+,B+,A-,A-,A-,1.0,1.0,4.0,4.0,5.0,1.0,1.0,5.0,4.0,4.0,5.0,1.0,1.0,2.0,5.0,A,A,A,B+,A,A,B,B+,4.0,1.0,1.0,2.0,5.0,5.0,2.0,1.0,3.0,3.0,3.0,5.0,5.0,5.0,4.0,A+,A-,A-,A-,B+,D+,A+,5.0,5.0,1.0,1.0,1.0,3.0,2.0,2.0,5.0,2.0,5.0,2.0,2.0,1.0,5.0,B+,A,A,A-,B+,A-,A,3.0,4.0,1.0,5.0,1.0,1.0,3.0,3.0,4.0,2.0,3.0,2.0,2.0,5.0,2.0
2022159733,123,student167@gmail.com,Ahmad,Rahman,Male,012-9591966,UiTM Kampus Jasin,FSKM,CDCS230,5,Incomplete,UiTM Kampus Jasin,,,,,,,,,,,,,,,,,,,,,,,,,,,,,,,,,,,,,,,,,,,A,A-,A+,B+,B,A-,A-,3.0,5.0,3.0,5.0,4.0,3.0,3.0,5.0,5.0,5.0,4.0,4.0,5.0,3.0,5.0,A+,B+,B+,B+,A+,A+,B+,A-,4.0,3.0,2.0,5.0,3.0,2.0,2.0,3.0,3.0,2.0,3.0,4.0,4.0,2.0,5.0,B+,B+,B+,D+,A,D+,C+,1.0,4.0,4.0,2.0,2.0,1.0,2.0,3.0,1.0,3.0,1.0,3.0,5.0,2.0,5.0,B+,A,A,A,A+,D+,A,2.0,5.0,2.0,1.0,1.0,4.0,4.0,4.0,4.0,4.0,2.0,2.0,1.0,5.0,1.0
2022264072,123,student168@gmail.com,Aisyah,Yusof,Female,014-8955931,UiTM Kampus Jasin,FSKM,CDCS230,6,Incomplete,UiTM Kampus Jasin,,,,,,,,,,,,,,,,,,,,,B-,C+,B-,C-,A-,C+,C,4.0,3.0,3.0,3.0,4.0,4.0,5.0,4.0,4.0,5.0,4.0,5.0,3.0,4.0,3.0,C+,C+,C,B-,D+,B-,A,3.0,5.0,2.0,5.0,4.0,4.0,5.0,3.0,3.0,2.0,3.0,1.0,4.0,5.0,3.0,C+,C+,C,B-,B,C+,B-,B,2.0,5.0,3.0,1.0,1.0,5.0,5.0,3.0,2.0,5.0,1.0,4.0,4.0,5.0,4.0,C+,C+,B-,A,B-,D+,D+,2.0,2.0,5.0,4.0,2.0,4.0,1.0,1.0,3.0,5.0,1.0,2.0,3.0,5.0,5.0,C+,B-,C,C+,C,C+,C-,3.0,1.0,5.0,2.0,3.0,4.0,5.0,5.0,5.0,3.0,3.0,2.0,3.0,2.0,3.0
2022004413,123,student169@gmail.com,Rizwan,Yusof,Male,012-1862278,UiTM Kampus Jasin,FSKM,CDCS230,1,Incomplete,UiTM Kampus Jasin,,,,,,,,,,,,,,,,,,,,,,,,,,,,,,,,,,,,,,,,,,,,,,,,,,,,,,,,,,,,,,,,,,,,,,,,,,,,,,,,,,,,,,,,,,,,,,,,,,,,,,,,,,,,,,,,,,,,,,,,,,,,,,,,,,,
2025650942,123,student170@gmail.com,Zulaikha,Rahman,Female,010-6112408,UiTM Kampus Jasin,FSKM,CDCS230,2,Incomplete,UiTM Kampus Jasin,,,,,,,,,,,,,,,,,,,,,,,,,,,,,,,,,,,,,,,,,,,,,,,,,,,,,,,,,,,,,,,,,,,,,,,,,,,,,,,,,,,,,,,,,,,,,,,,,,,,,,,,,,,,,,A-,A+,A-,A-,A,A-,B+,4.0,3.0,5.0,5.0,5.0,4.0,4.0,5.0,4.0,4.0,5.0,3.0,4.0,5.0,3.0
2024407783,123,student171@gmail.com,Amira,Rahman,Female,019-5161305,UiTM Kampus Jasin,FSKM,CDCS230,5,Incomplete,UiTM Kampus Jasin,,,,,,,,,,,,,,,,,,,,,,,,,,,,,,,,,,,,,,,,,,,A-,B,B+,A-,B+,B+,C,4.0,5.0,3.0,4.0,3.0,4.0,5.0,5.0,4.0,4.0,4.0,5.0,4.0,3.0,3.0,A-,B,B,B+,A+,B+,B,D+,3.0,2.0,4.0,1.0,4.0,5.0,5.0,3.0,5.0,3.0,2.0,3.0,3.0,2.0,5.0,B+,B,B+,C,A,A+,C,3.0,3.0,1.0,5.0,3.0,2.0,4.0,1.0,4.0,4.0,2.0,5.0,5.0,2.0,3.0,A-,A-,B+,B+,B,C-,B+,5.0,3.0,5.0,4.0,5.0,3.0,2.0,2.0,4.0,4.0,3.0,1.0,3.0,3.0,1.0
2024778310,123,student172@gmail.com,Farah,Rahman,Female,017-6810177,UiTM Kampus Jasin,FSKM,CDCS230,6,Incomplete,UiTM Kampus Jasin,,,,,,,,,,,,,,,,,,,,,A+,A+,A-,C,C-,A-,A,2.0,1.0,1.0,1.0,2.0,2.0,2.0,1.0,1.0,2.0,2.0,2.0,1.0,1.0,2.0,A,A,A-,A,C-,A+,D+,5.0,1.0,2.0,4.0,4.0,3.0,1.0,2.0,4.0,2.0,1.0,3.0,1.0,4.0,1.0,B+,A-,A-,A,C-,A+,B+,A+,2.0,4.0,4.0,3.0,2.0,3.0,4.0,3.0,1.0,3.0,3.0,4.0,5.0,2.0,2.0,B+,A,A+,C-,C+,C-,C,1.0,5.0,4.0,5.0,3.0,4.0,2.0,3.0,3.0,2.0,1.0,2.0,5.0,4.0,5.0,A-,B+,A-,A+,B+,C+,B-,5.0,4.0,3.0,1.0,4.0,4.0,5.0,2.0,1.0,1.0,4.0,3.0,2.0,3.0,2.0
2024403616,123,student173@gmail.com,Aqil,Abdullah,Male,011-89901303,UiTM Kampus Jasin,FSKM,CDCS230,6,Incomplete,UiTM Kampus Jasin,,,,,,,,,,,,,,,,,,,,,A,A,A+,C+,B,B+,B,5.0,5.0,5.0,3.0,3.0,3.0,4.0,3.0,3.0,3.0,5.0,4.0,4.0,3.0,5.0,B+,A+,A+,A,C-,B+,B,1.0,3.0,4.0,1.0,4.0,1.0,4.0,5.0,5.0,5.0,1.0,3.0,2.0,4.0,1.0,A+,A-,A-,B+,C-,B+,D+,A-,3.0,1.0,4.0,2.0,5.0,2.0,5.0,2.0,3.0,3.0,3.0,5.0,4.0,3.0,1.0,A+,A-,B+,C,B+,B+,A+,2.0,5.0,4.0,4.0,5.0,4.0,3.0,4.0,3.0,1.0,5.0,2.0,4.0,4.0,5.0,B+,B+,B+,A-,A,B-,C,2.0,2.0,1.0,5.0,4.0,5.0,4.0,1.0,1.0,2.0,2.0,2.0,1.0,5.0,4.0
2023272873,123,student174@gmail.com,Zulaikha,Latif,Female,013-0249884,UiTM Kampus Jasin,FSKM,CDCS230,2,Incomplete,UiTM Kampus Jasin,,,,,,,,,,,,,,,,,,,,,,,,,,,,,,,,,,,,,,,,,,,,,,,,,,,,,,,,,,,,,,,,,,,,,,,,,,,,,,,,,,,,,,,,,,,,,,,,,,,,,,,,,,,,,,B-,C+,B-,C+,C,A-,B-,3.0,3.0,4.0,5.0,5.0,5.0,3.0,4.0,3.0,3.0,3.0,5.0,5.0,5.0,4.0
2022851498,123,student175@gmail.com,Liyana,Khalid,Female,018-8830307,UiTM Kampus Jasin,FSKM,CDCS230,6,Incomplete,UiTM Kampus Jasin,,,,,,,,,,,,,,,,,,,,,B,A-,A-,B,C,A-,B,1.0,1.0,1.0,2.0,1.0,2.0,1.0,1.0,2.0,1.0,1.0,1.0,2.0,1.0,2.0,B+,A-,A-,B+,A+,B+,B-,5.0,1.0,1.0,2.0,3.0,1.0,3.0,4.0,4.0,3.0,5.0,3.0,2.0,1.0,1.0,B,B+,B,B+,A,B+,A-,D+,4.0,3.0,1.0,4.0,1.0,2.0,3.0,1.0,3.0,3.0,4.0,2.0,4.0,2.0,1.0,B+,B,A-,C,C+,D+,C+,3.0,1.0,4.0,4.0,5.0,4.0,3.0,1.0,1.0,3.0,3.0,2.0,2.0,2.0,3.0,B,B,A-,B+,B+,B,A-,4.0,2.0,4.0,2.0,5.0,2.0,3.0,4.0,2.0,4.0,1.0,1.0,3.0,3.0,4.0
2022269633,123,student176@gmail.com,Aqil,Latif,Male,019-8744803,UiTM Kampus Jasin,FSKM,CDCS230,6,Incomplete,UiTM Kampus Jasin,,,,,,,,,,,,,,,,,,,,,C,C,C+,B+,A+,B-,C+,5.0,4.0,4.0,3.0,5.0,3.0,4.0,5.0,3.0,5.0,3.0,5.0,4.0,4.0,5.0,C,B-,C,C,B+,C+,B,5.0,2.0,5.0,3.0,3.0,5.0,1.0,4.0,4.0,1.0,2.0,1.0,3.0,5.0,4.0,C+,B-,C,C,B+,B-,C,B-,3.0,5.0,2.0,3.0,3.0,5.0,2.0,1.0,1.0,1.0,4.0,2.0,3.0,5.0,4.0,C,C+,C+,A,B,A+,A,1.0,1.0,4.0,2.0,5.0,5.0,3.0,4.0,3.0,1.0,5.0,4.0,2.0,4.0,1.0,C+,B-,C,C,B-,A,B-,2.0,3.0,1.0,5.0,3.0,4.0,2.0,3.0,3.0,2.0,1.0,5.0,2.0,1.0,5.0
2024196699,123,student177@gmail.com,Siti,Hassan,Female,019-1167266,UiTM Kampus Jasin,FSKM,CDCS230,6,Incomplete,UiTM Kampus Jasin,,,,,,,,,,,,,,,,,,,,,A-,B,B+,A+,D+,B+,A,2.0,1.0,1.0,1.0,2.0,2.0,2.0,2.0,1.0,1.0,2.0,2.0,2.0,2.0,1.0,A-,B+,B,B,D+,B+,D+,1.0,4.0,1.0,2.0,1.0,3.0,4.0,1.0,5.0,5.0,5.0,3.0,5.0,3.0,3.0,A-,B+,A-,B+,C+,A-,C+,A+,2.0,1.0,3.0,5.0,1.0,4.0,4.0,1.0,2.0,1.0,3.0,4.0,3.0,4.0,3.0,B,B+,B+,B+,A+,D+,B+,4.0,1.0,5.0,2.0,5.0,1.0,4.0,1.0,4.0,1.0,5.0,1.0,5.0,5.0,3.0,A-,A-,A-,B,B,C+,A-,2.0,2.0,3.0,5.0,1.0,4.0,3.0,4.0,4.0,1.0,2.0,3.0,3.0,2.0,2.0
2023177283,123,student178@gmail.com,Rizwan,Abdullah,Male,016-3597698,UiTM Kampus Jasin,FSKM,CDCS230,2,Incomplete,UiTM Kampus Jasin,,,,,,,,,,,,,,,,,,,,,,,,,,,,,,,,,,,,,,,,,,,,,,,,,,,,,,,,,,,,,,,,,,,,,,,,,,,,,,,,,,,,,,,,,,,,,,,,,,,,,,,,,,,,,,C+,B-,C,B-,C,C-,C,2.0,1.0,2.0,1.0,1.0,2.0,2.0,1.0,2.0,2.0,1.0,2.0,2.0,1.0,1.0
2024475631,123,student179@gmail.com,Aisyah,Ismail,Female,019-8605860,UiTM Kampus Jasin,FSKM,CDCS230,5,Incomplete,UiTM Kampus Jasin,,,,,,,,,,,,,,,,,,,,,,,,,,,,,,,,,,,,,,,,,,,C,C+,C,C+,A+,B-,B,4.0,4.0,3.0,5.0,4.0,4.0,3.0,3.0,5.0,4.0,5.0,4.0,5.0,3.0,4.0,B-,B-,C,C,D+,C,C+,C+,1.0,1.0,1.0,1.0,3.0,5.0,5.0,5.0,3.0,2.0,5.0,5.0,1.0,3.0,1.0,C+,B-,C,A,A+,B-,A,5.0,2.0,2.0,4.0,1.0,5.0,2.0,4.0,1.0,1.0,4.0,1.0,3.0,5.0,3.0,B-,B-,C,C+,B-,D+,A+,5.0,3.0,2.0,4.0,1.0,2.0,4.0,2.0,5.0,4.0,5.0,1.0,5.0,2.0,3.0
2022776727,123,student180@gmail.com,Irfan,Yusof,Male,010-5910360,UiTM Kampus Jasin,FSKM,CDCS230,1,Incomplete,UiTM Kampus Jasin,,,,,,,,,,,,,,,,,,,,,,,,,,,,,,,,,,,,,,,,,,,,,,,,,,,,,,,,,,,,,,,,,,,,,,,,,,,,,,,,,,,,,,,,,,,,,,,,,,,,,,,,,,,,,,,,,,,,,,,,,,,,,,,,,,,
2022120965,123,student181@gmail.com,Aqil,Ismail,Male,014-2868769,UiTM Kampus Jasin,FSKM,CDCS230,5,Incomplete,UiTM Kampus Jasin,,,,,,,,,,,,,,,,,,,,,,,,,,,,,,,,,,,,,,,,,,,C+,C+,B-,B-,B,C,B,2.0,1.0,1.0,1.0,2.0,1.0,2.0,1.0,1.0,2.0,1.0,2.0,1.0,1.0,2.0,C+,C+,B-,C+,A-,C+,B,B,2.0,1.0,2.0,4.0,2.0,5.0,1.0,1.0,5.0,1.0,1.0,4.0,1.0,1.0,3.0,C,C+,B-,C-,B-,D+,B+,2.0,2.0,4.0,1.0,2.0,5.0,3.0,3.0,5.0,1.0,4.0,5.0,5.0,1.0,4.0,B-,C,B-,C+,C+,B,A+,4.0,4.0,2.0,3.0,2.0,3.0,1.0,5.0,5.0,5.0,5.0,1.0,3.0,1.0,2.0
2023816893,123,student182@gmail.com,Siti,Latif,Female,017-6744045,UiTM Kampus Jasin,FSKM,CDCS230,6,Incomplete,UiTM Kampus Jasin,,,,,,,,,,,,,,,,,,,,,C+,C+,B-,A+,B,C+,C,2.0,2.0,2.0,2.0,2.0,1.0,2.0,2.0,2.0,1.0,2.0,1.0,1.0,1.0,1.0,B-,B-,B-,C+,B+,C+,C+,3.0,1.0,5.0,4.0,3.0,3.0,3.0,5.0,2.0,1.0,3.0,3.0,4.0,3.0,5.0,C,C,B-,C,B-,C+,A,D+,2.0,2.0,5.0,3.0,4.0,3.0,3.0,5.0,4.0,3.0,5.0,4.0,3.0,4.0,5.0,B-,B-,C,C,C,B-,C-,3.0,2.0,3.0,2.0,2.0,2.0,1.0,4.0,4.0,5.0,1.0,1.0,1.0,4.0,1.0,C+,C,C+,C+,C,A+,C,3.0,2.0,5.0,4.0,1.0,5.0,2.0,1.0,5.0,3.0,1.0,1.0,2.0,3.0,3.0
2024596689,123,student183@gmail.com,Siti,Abdullah,Female,017-7533657,UiTM Kampus Jasin,FSKM,CDCS230,1,Incomplete,UiTM Kampus Jasin,,,,,,,,,,,,,,,,,,,,,,,,,,,,,,,,,,,,,,,,,,,,,,,,,,,,,,,,,,,,,,,,,,,,,,,,,,,,,,,,,,,,,,,,,,,,,,,,,,,,,,,,,,,,,,,,,,,,,,,,,,,,,,,,,,,
2022669570,123,student184@gmail.com,Liyana,Khalid,Female,016-8412282,UiTM Kampus Jasin,FSKM,CDCS230,2,Incomplete,UiTM Kampus Jasin,,,,,,,,,,,,,,,,,,,,,,,,,,,,,,,,,,,,,,,,,,,,,,,,,,,,,,,,,,,,,,,,,,,,,,,,,,,,,,,,,,,,,,,,,,,,,,,,,,,,,,,,,,,,,,B+,B,B,B,A-,C-,B-,3.0,4.0,4.0,3.0,3.0,5.0,5.0,3.0,4.0,4.0,4.0,4.0,4.0,5.0,4.0
2023663333,123,student185@gmail.com,Aqil,Khalid,Male,010-4613089,UiTM Kampus Jasin,FSKM,CDCS230,3,Incomplete,UiTM Kampus Jasin,,,,,,,,,,,,,,,,,,,,,,,,,,,,,,,,,,,,,,,,,,,,,,,,,,,,,,,,,,,,,,,,,,,,,,,,,,,,,,,,,,,,,,,,B,A-,B+,B,A-,B,C-,1.0,2.0,2.0,2.0,2.0,2.0,1.0,2.0,2.0,1.0,1.0,2.0,1.0,2.0,2.0,A-,B,B,B+,B+,A-,B-,5.0,5.0,3.0,1.0,4.0,5.0,5.0,1.0,1.0,1.0,3.0,5.0,2.0,2.0,2.0
2022780847,123,student186@gmail.com,Aisyah,Hassan,Female,013-4377944,UiTM Kampus Jasin,FSKM,CDCS230,1,Incomplete,UiTM Kampus Jasin,,,,,,,,,,,,,,,,,,,,,,,,,,,,,,,,,,,,,,,,,,,,,,,,,,,,,,,,,,,,,,,,,,,,,,,,,,,,,,,,,,,,,,,,,,,,,,,,,,,,,,,,,,,,,,,,,,,,,,,,,,,,,,,,,,,
2025125887,123,student187@gmail.com,Ahmad,Latif,Male,011-76754713,UiTM Kampus Jasin,FSKM,CDCS230,5,Incomplete,UiTM Kampus Jasin,,,,,,,,,,,,,,,,,,,,,,,,,,,,,,,,,,,,,,,,,,,C,B-,C,B-,C-,C,B,1.0,2.0,1.0,2.0,2.0,1.0,2.0,2.0,1.0,1.0,1.0,1.0,2.0,1.0,2.0,B-,C+,C,C+,C-,C,A+,A+,5.0,5.0,2.0,2.0,4.0,3.0,1.0,1.0,1.0,2.0,4.0,5.0,2.0,1.0,4.0,C+,C,C+,B+,B+,D+,C+,2.0,3.0,2.0,2.0,4.0,1.0,4.0,3.0,2.0,2.0,1.0,2.0,2.0,5.0,1.0,B-,B-,C,B-,C+,B+,C+,5.0,3.0,2.0,3.0,3.0,1.0,3.0,1.0,5.0,2.0,1.0,4.0,1.0,3.0,2.0
2025283985,123,student188@gmail.com,Hannah,Khalid,Female,012-0155349,UiTM Kampus Jasin,FSKM,CDCS230,4,Incomplete,UiTM Kampus Jasin,,,,,,,,,,,,,,,,,,,,,,,,,,,,,,,,,,,,,,,,,,,,,,,,,,,,,,,,,,,,,,,,,B+,A+,A-,A-,B-,A+,D+,A+,1.0,1.0,2.0,1.0,2.0,1.0,2.0,2.0,2.0,2.0,1.0,2.0,1.0,1.0,1.0,A+,A,A-,A+,B+,A+,B+,4.0,1.0,4.0,4.0,1.0,5.0,1.0,2.0,2.0,3.0,4.0,4.0,5.0,1.0,2.0,A,A+,B+,A-,A,B,A-,1.0,1.0,2.0,3.0,2.0,5.0,1.0,5.0,3.0,4.0,2.0,5.0,1.0,2.0,1.0
2022123769,123,student189@gmail.com,Irfan,Yusof,Male,014-4504505,UiTM Kampus Jasin,FSKM,CDCS230,5,Incomplete,UiTM Kampus Jasin,,,,,,,,,,,,,,,,,,,,,,,,,,,,,,,,,,,,,,,,,,,B-,B-,C,C,B-,B-,A+,2.0,2.0,1.0,2.0,2.0,1.0,2.0,2.0,2.0,2.0,2.0,1.0,2.0,2.0,2.0,B-,C,B-,B-,A+,B-,B-,B-,1.0,4.0,1.0,4.0,3.0,1.0,4.0,1.0,1.0,1.0,1.0,3.0,4.0,5.0,3.0,C+,C+,C,C,C,B+,C+,5.0,3.0,3.0,3.0,3.0,4.0,5.0,3.0,5.0,5.0,2.0,2.0,4.0,4.0,5.0,B-,C+,C+,C,C+,B+,B-,1.0,4.0,4.0,1.0,5.0,3.0,1.0,2.0,5.0,2.0,3.0,2.0,4.0,1.0,1.0
2024869105,123,student190@gmail.com,Kamal,Abdullah,Male,010-3851669,UiTM Kampus Jasin,FSKM,CDCS230,4,Incomplete,UiTM Kampus Jasin,,,,,,,,,,,,,,,,,,,,,,,,,,,,,,,,,,,,,,,,,,,,,,,,,,,,,,,,,,,,,,,,,B+,B,B+,B+,C-,B+,B,D+,2.0,1.0,1.0,2.0,2.0,2.0,2.0,1.0,2.0,1.0,1.0,1.0,1.0,1.0,1.0,B+,A-,B,B-,D+,C-,A,1.0,2.0,1.0,5.0,5.0,1.0,2.0,2.0,2.0,4.0,3.0,1.0,3.0,4.0,1.0,A-,B+,B+,A-,B,A-,B,4.0,2.0,5.0,5.0,1.0,3.0,1.0,5.0,4.0,4.0,2.0,4.0,4.0,2.0,4.0
2025858778,123,student191@gmail.com,Zulaikha,Yusof,Female,012-5100318,UiTM Kampus Jasin,FSKM,CDCS230,6,Incomplete,UiTM Kampus Jasin,,,,,,,,,,,,,,,,,,,,,B+,B+,B,C,C,B+,A,4.0,4.0,3.0,4.0,4.0,4.0,4.0,4.0,3.0,4.0,4.0,4.0,4.0,5.0,4.0,B+,B,B,A-,C+,A-,B+,3.0,2.0,3.0,5.0,3.0,2.0,4.0,4.0,5.0,5.0,1.0,5.0,1.0,5.0,2.0,B,A-,A-,A-,C,A-,B+,B-,1.0,5.0,5.0,1.0,3.0,1.0,4.0,5.0,1.0,4.0,2.0,5.0,1.0,4.0,1.0,B+,B,A-,C,A-,D+,B,5.0,2.0,2.0,3.0,3.0,5.0,4.0,1.0,3.0,5.0,3.0,2.0,3.0,1.0,1.0,B,B+,B+,B+,B,D+,B-,5.0,1.0,1.0,5.0,3.0,3.0,5.0,3.0,1.0,2.0,5.0,2.0,1.0,2.0,5.0
2023726052,123,student192@gmail.com,Hakim,Rahman,Male,012-5996965,UiTM Kampus Jasin,FSKM,CDCS230,3,Incomplete,UiTM Kampus Jasin,,,,,,,,,,,,,,,,,,,,,,,,,,,,,,,,,,,,,,,,,,,,,,,,,,,,,,,,,,,,,,,,,,,,,,,,,,,,,,,,,,,,,,,,C+,C,C,B-,A+,B-,C+,4.0,4.0,3.0,3.0,5.0,3.0,3.0,3.0,5.0,4.0,5.0,4.0,3.0,5.0,5.0,A-,B+,B+,B+,A-,A-,A-,1.0,1.0,4.0,4.0,5.0,4.0,4.0,1.0,5.0,5.0,3.0,5.0,5.0,4.0,4.0
2025217026,123,student193@gmail.com,Aisyah,Abdullah,Female,017-3561722,UiTM Kampus Jasin,FSKM,CDCS230,6,Incomplete,UiTM Kampus Jasin,,,,,,,,,,,,,,,,,,,,,B-,C,B-,A,A-,C,A,5.0,5.0,3.0,4.0,5.0,4.0,5.0,4.0,4.0,3.0,3.0,5.0,4.0,3.0,4.0,C,C,C+,C+,B+,C+,C+,1.0,3.0,2.0,3.0,4.0,4.0,4.0,1.0,2.0,5.0,3.0,1.0,3.0,1.0,5.0,C+,C,B-,C+,D+,C,B,A+,5.0,1.0,1.0,2.0,2.0,5.0,3.0,5.0,3.0,4.0,3.0,5.0,5.0,4.0,1.0,C+,C+,C+,A-,A,A-,A,1.0,1.0,1.0,2.0,3.0,5.0,5.0,5.0,3.0,2.0,5.0,5.0,4.0,2.0,2.0,B-,C+,C,C+,C+,B,C-,1.0,4.0,2.0,2.0,4.0,5.0,3.0,4.0,2.0,5.0,4.0,5.0,2.0,2.0,3.0
2025300292,123,student194@gmail.com,Rizwan,Khalid,Male,010-1169157,UiTM Kampus Jasin,FSKM,CDCS230,4,Incomplete,UiTM Kampus Jasin,,,,,,,,,,,,,,,,,,,,,,,,,,,,,,,,,,,,,,,,,,,,,,,,,,,,,,,,,,,,,,,,,A,A,A,A,B-,B+,C,A,3.0,3.0,5.0,5.0,5.0,5.0,3.0,5.0,3.0,3.0,4.0,4.0,4.0,5.0,5.0,A,A-,A+,B+,B,A-,A-,3.0,5.0,3.0,5.0,4.0,3.0,3.0,5.0,5.0,5.0,4.0,4.0,5.0,3.0,5.0,A,A,A+,A,B+,A+,C,1.0,1.0,4.0,4.0,5.0,1.0,2.0,5.0,2.0,2.0,3.0,5.0,2.0,4.0,5.0
2025556401,123,student195@gmail.com,Zulaikha,Latif,Female,019-5797683,UiTM Kampus Jasin,FSKM,CDCS230,6,Incomplete,UiTM Kampus Jasin,,,,,,,,,,,,,,,,,,,,,C+,B-,C,B+,C+,C,B+,3.0,4.0,3.0,3.0,3.0,3.0,5.0,5.0,5.0,3.0,3.0,4.0,3.0,5.0,3.0,C,C+,C+,B-,A-,B-,B,5.0,3.0,3.0,5.0,2.0,4.0,4.0,2.0,2.0,4.0,5.0,4.0,3.0,1.0,4.0,B-,C+,B-,B-,C-,C+,A+,B,2.0,3.0,5.0,4.0,4.0,2.0,1.0,1.0,5.0,3.0,4.0,3.0,2.0,3.0,2.0,B-,C+,B-,B,C+,C+,B,2.0,2.0,5.0,1.0,4.0,3.0,2.0,5.0,1.0,3.0,1.0,5.0,5.0,4.0,4.0,B-,C,C,C+,B-,C-,B-,1.0,3.0,1.0,5.0,1.0,4.0,4.0,2.0,5.0,5.0,3.0,1.0,3.0,1.0,1.0
2024605164,123,student196@gmail.com,Liyana,Latif,Female,013-6041676,UiTM Kampus Jasin,FSKM,CDCS230,1,Incomplete,UiTM Kampus Jasin,,,,,,,,,,,,,,,,,,,,,,,,,,,,,,,,,,,,,,,,,,,,,,,,,,,,,,,,,,,,,,,,,,,,,,,,,,,,,,,,,,,,,,,,,,,,,,,,,,,,,,,,,,,,,,,,,,,,,,,,,,,,,,,,,,,
2024227411,123,student197@gmail.com,Siti,Rahman,Female,014-5087696,UiTM Kampus Jasin,FSKM,CDCS230,6,Incomplete,UiTM Kampus Jasin,,,,,,,,,,,,,,,,,,,,,B+,A-,A+,B-,B+,B+,D+,1.0,1.0,1.0,1.0,2.0,1.0,2.0,1.0,1.0,1.0,2.0,1.0,2.0,1.0,1.0,A+,A-,A,A-,B+,A-,C+,5.0,3.0,1.0,1.0,3.0,2.0,1.0,4.0,5.0,2.0,5.0,4.0,2.0,2.0,3.0,A+,A+,B+,A,A+,A+,A+,D+,4.0,3.0,2.0,2.0,4.0,2.0,2.0,2.0,4.0,4.0,3.0,1.0,1.0,3.0,3.0,B+,A-,A+,A+,C+,B+,B+,2.0,5.0,2.0,3.0,2.0,3.0,5.0,5.0,4.0,1.0,4.0,2.0,1.0,5.0,4.0,A-,A,A,B+,A,C-,B+,1.0,2.0,5.0,4.0,3.0,3.0,3.0,4.0,2.0,4.0,2.0,3.0,3.0,2.0,3.0
2025137814,123,student198@gmail.com,Liyana,Hassan,Female,019-6298897,UiTM Kampus Jasin,FSKM,CDCS230,3,Incomplete,UiTM Kampus Jasin,,,,,,,,,,,,,,,,,,,,,,,,,,,,,,,,,,,,,,,,,,,,,,,,,,,,,,,,,,,,,,,,,,,,,,,,,,,,,,,,,,,,,,,,B+,B,B+,A-,B+,B+,B-,3.0,4.0,5.0,4.0,5.0,3.0,4.0,5.0,4.0,5.0,5.0,3.0,4.0,5.0,3.0,A-,A+,A,A,B+,C,B,3.0,3.0,4.0,3.0,4.0,3.0,2.0,4.0,5.0,5.0,2.0,5.0,3.0,2.0,2.0
2022154967,123,student199@gmail.com,Aisyah,Yusof,Female,016-5727357,UiTM Kampus Jasin,FSKM,CDCS230,4,Incomplete,UiTM Kampus Jasin,,,,,,,,,,,,,,,,,,,,,,,,,,,,,,,,,,,,,,,,,,,,,,,,,,,,,,,,,,,,,,,,,A-,B+,A+,A,B+,B+,C,C-,1.0,1.0,2.0,2.0,1.0,1.0,1.0,2.0,1.0,2.0,1.0,2.0,1.0,1.0,2.0,A+,A,A+,A,A,B-,B+,3.0,5.0,1.0,3.0,1.0,2.0,1.0,2.0,2.0,1.0,5.0,4.0,2.0,1.0,4.0,A,A+,A-,A-,B+,C+,A-,3.0,2.0,4.0,1.0,4.0,4.0,5.0,1.0,2.0,4.0,2.0,4.0,2.0,4.0,2.0
2025967530,123,student200@gmail.com,Danial,Khalid,Male,012-9313145,UiTM Kampus Jasin,FSKM,CDCS230,1,Incomplete,UiTM Kampus Jasin,,,,,,,,,,,,,,,,,,,,,,,,,,,,,,,,,,,,,,,,,,,,,,,,,,,,,,,,,,,,,,,,,,,,,,,,,,,,,,,,,,,,,,,,,,,,,,,,,,,,,,,,,,,,,,,,,,,,,,,,,,,,,,,,,,,
2022526494,123,student201@gmail.com,Farah,Abdullah,Female,012-7942054,UiTM Kampus Jasin,FSKM,CDCS230,5,Incomplete,UiTM Kampus Jasin,,,,,,,,,,,,,,,,,,,,,,,,,,,,,,,,,,,,,,,,,,,A-,A,A,A+,A+,A+,B,4.0,3.0,5.0,4.0,5.0,4.0,4.0,3.0,5.0,5.0,5.0,3.0,5.0,4.0,4.0,A,A-,A+,A,A+,A-,A-,B+,1.0,5.0,1.0,1.0,1.0,2.0,4.0,3.0,1.0,1.0,3.0,2.0,3.0,5.0,3.0,B+,A+,B+,B-,B,C+,D+,3.0,5.0,5.0,4.0,4.0,2.0,3.0,5.0,1.0,1.0,5.0,1.0,2.0,2.0,1.0,A+,A-,B+,A,A+,B-,D+,2.0,1.0,4.0,3.0,3.0,4.0,2.0,1.0,4.0,1.0,1.0,3.0,5.0,2.0,4.0
2022880886,123,student202@gmail.com,Hakim,Khalid,Male,019-2041935,UiTM Kampus Jasin,FSKM,CDCS230,2,Incomplete,UiTM Kampus Jasin,,,,,,,,,,,,,,,,,,,,,,,,,,,,,,,,,,,,,,,,,,,,,,,,,,,,,,,,,,,,,,,,,,,,,,,,,,,,,,,,,,,,,,,,,,,,,,,,,,,,,,,,,,,,,,B-,C,C+,C+,B-,C+,B-,4.0,3.0,4.0,4.0,3.0,3.0,3.0,4.0,5.0,5.0,5.0,3.0,3.0,3.0,4.0
2023987454,123,student203@gmail.com,Rizwan,Khalid,Male,017-2247724,UiTM Kampus Jasin,FSKM,CDCS230,7,Incomplete,UiTM Kampus Jasin,C+,B,B,B-,A-,4.0,5.0,3.0,5.0,3.0,3.0,4.0,4.0,5.0,5.0,5.0,5.0,5.0,3.0,4.0,A+,A-,A-,C,B,A,B+,1.0,1.0,4.0,3.0,1.0,1.0,5.0,5.0,4.0,3.0,1.0,3.0,5.0,5.0,1.0,B+,A-,A,A,C-,B+,C-,1.0,5.0,3.0,5.0,2.0,3.0,4.0,3.0,3.0,1.0,4.0,5.0,3.0,2.0,1.0,B+,B+,A-,A+,A,A,B,B-,4.0,3.0,1.0,5.0,4.0,2.0,5.0,3.0,1.0,5.0,2.0,1.0,3.0,1.0,2.0,A+,A+,A-,A,A,A-,D+,1.0,4.0,4.0,3.0,1.0,5.0,4.0,2.0,3.0,2.0,4.0,3.0,5.0,2.0,5.0,A-,A+,B+,B+,B+,D+,A-,4.0,1.0,1.0,3.0,2.0,2.0,2.0,5.0,5.0,1.0,1.0,2.0,2.0,1.0,3.0
2025138649,123,student204@gmail.com,Danial,Abdullah,Male,010-6735675,UiTM Kampus Jasin,FSKM,CDCS230,6,Incomplete,UiTM Kampus Jasin,,,,,,,,,,,,,,,,,,,,,C,C,B-,B+,C-,B-,D+,5.0,4.0,4.0,3.0,5.0,4.0,4.0,4.0,4.0,3.0,5.0,4.0,5.0,4.0,3.0,C,C,B-,C,B,C+,B,3.0,2.0,1.0,4.0,1.0,1.0,1.0,2.0,4.0,1.0,2.0,5.0,2.0,1.0,5.0,C+,C+,C+,C+,A+,C+,A,B,4.0,3.0,4.0,1.0,2.0,3.0,2.0,5.0,4.0,3.0,2.0,1.0,5.0,2.0,5.0,C+,B-,C,B-,B+,C,A+,3.0,5.0,3.0,4.0,5.0,2.0,4.0,1.0,5.0,4.0,1.0,1.0,3.0,2.0,1.0,C,C+,B-,C+,B-,B-,C-,2.0,3.0,2.0,1.0,2.0,5.0,2.0,3.0,3.0,3.0,2.0,1.0,1.0,3.0,2.0
2023247709,123,student205@gmail.com,Faiz,Hassan,Male,017-1497726,UiTM Kampus Jasin,FSKM,CDCS230,7,Incomplete,UiTM Kampus Jasin,B,B,C+,B+,A-,2.0,2.0,2.0,2.0,2.0,2.0,3.0,1.0,1.0,2.0,2.0,1.0,1.0,1.0,2.0,C,B-,C+,A,B,C,B,4.0,2.0,4.0,2.0,4.0,3.0,2.0,1.0,3.0,4.0,1.0,2.0,2.0,2.0,1.0,C+,C,C+,B-,C+,C,A+,4.0,5.0,5.0,3.0,4.0,3.0,5.0,3.0,5.0,4.0,1.0,5.0,2.0,5.0,5.0,C+,C+,B-,C,A-,C+,C+,B-,3.0,5.0,3.0,3.0,3.0,3.0,1.0,5.0,2.0,3.0,4.0,3.0,4.0,1.0,5.0,C+,C,C+,B-,B,C-,B+,1.0,4.0,5.0,2.0,3.0,1.0,5.0,3.0,1.0,5.0,4.0,3.0,1.0,4.0,1.0,B-,C+,C,C,B-,A,B-,3.0,3.0,1.0,3.0,3.0,4.0,5.0,2.0,1.0,5.0,5.0,2.0,5.0,5.0,3.0
2022069972,123,student206@gmail.com,Rizwan,Ismail,Male,012-3086207,UiTM Kampus Jasin,FSKM,CDCS230,3,Incomplete,UiTM Kampus Jasin,,,,,,,,,,,,,,,,,,,,,,,,,,,,,,,,,,,,,,,,,,,,,,,,,,,,,,,,,,,,,,,,,,,,,,,,,,,,,,,,,,,,,,,,B,B,A-,B+,B+,A-,A-,4.0,4.0,5.0,5.0,4.0,5.0,5.0,5.0,5.0,4.0,3.0,3.0,3.0,3.0,5.0,C+,B-,C+,B-,B-,B-,C-,5.0,3.0,5.0,1.0,2.0,4.0,5.0,4.0,3.0,5.0,1.0,1.0,5.0,3.0,1.0
2025782184,123,student207@gmail.com,Siti,Yusof,Female,012-8156653,UiTM Kampus Jasin,FSKM,CDCS230,6,Incomplete,UiTM Kampus Jasin,,,,,,,,,,,,,,,,,,,,,C+,C,B-,C+,C+,B-,A+,1.0,1.0,2.0,2.0,2.0,1.0,1.0,1.0,1.0,1.0,1.0,1.0,2.0,1.0,2.0,C,B-,C,B-,A+,C,A+,4.0,2.0,3.0,4.0,2.0,1.0,5.0,3.0,1.0,5.0,2.0,2.0,5.0,2.0,5.0,B-,C+,C,C+,A-,B-,A,B+,2.0,3.0,3.0,2.0,1.0,4.0,2.0,2.0,1.0,3.0,4.0,4.0,2.0,1.0,4.0,B-,B-,B-,B,D+,A+,A-,4.0,3.0,1.0,4.0,1.0,1.0,3.0,5.0,4.0,4.0,1.0,2.0,5.0,5.0,2.0,B-,C,B-,C,C,C+,D+,2.0,5.0,2.0,1.0,5.0,5.0,1.0,3.0,1.0,5.0,1.0,2.0,4.0,4.0,1.0
2025354235,123,student208@gmail.com,Aqil,Abdullah,Male,017-1125854,UiTM Kampus Jasin,FSKM,CDCS230,3,Incomplete,UiTM Kampus Jasin,,,,,,,,,,,,,,,,,,,,,,,,,,,,,,,,,,,,,,,,,,,,,,,,,,,,,,,,,,,,,,,,,,,,,,,,,,,,,,,,,,,,,,,,B+,B,A-,B+,B-,B+,B-,1.0,1.0,1.0,2.0,2.0,2.0,1.0,1.0,1.0,2.0,2.0,2.0,1.0,1.0,2.0,B+,B,B+,B,B,B,D+,3.0,4.0,3.0,2.0,4.0,4.0,4.0,5.0,2.0,1.0,3.0,5.0,2.0,2.0,5.0
2022332833,123,student209@gmail.com,Zulaikha,Rahman,Female,014-3549429,UiTM Kampus Jasin,FSKM,CDCS230,6,Incomplete,UiTM Kampus Jasin,,,,,,,,,,,,,,,,,,,,,A-,A-,B,B,C+,B+,A-,2.0,1.0,2.0,2.0,2.0,2.0,1.0,1.0,1.0,2.0,2.0,1.0,1.0,1.0,2.0,A-,A-,B,B,C+,A-,A+,5.0,4.0,1.0,3.0,2.0,4.0,4.0,5.0,2.0,5.0,1.0,2.0,4.0,2.0,5.0,A-,B,A-,B,B+,A-,D+,C+,5.0,1.0,1.0,2.0,1.0,3.0,5.0,1.0,2.0,3.0,3.0,1.0,1.0,3.0,3.0,B+,B+,A-,A+,D+,D+,C,2.0,3.0,5.0,3.0,1.0,3.0,5.0,2.0,4.0,2.0,1.0,4.0,3.0,5.0,5.0,B,B,B+,B+,A-,D+,B+,1.0,1.0,4.0,3.0,1.0,4.0,5.0,5.0,3.0,3.0,2.0,3.0,4.0,2.0,3.0
2024702152,123,student210@gmail.com,Rizwan,Latif,Male,018-7717904,UiTM Kampus Jasin,FSKM,CDCS230,5,Incomplete,UiTM Kampus Jasin,,,,,,,,,,,,,,,,,,,,,,,,,,,,,,,,,,,,,,,,,,,B-,C+,C,C+,C+,B-,C-,5.0,4.0,3.0,4.0,3.0,3.0,5.0,3.0,5.0,5.0,5.0,5.0,5.0,5.0,5.0,B-,B-,B-,C+,C,C+,B-,C,3.0,4.0,4.0,4.0,5.0,5.0,3.0,5.0,1.0,5.0,4.0,5.0,3.0,3.0,5.0,B-,C+,C+,C,C,D+,B,4.0,2.0,3.0,5.0,1.0,2.0,5.0,4.0,2.0,1.0,1.0,1.0,2.0,4.0,1.0,C+,C+,B-,B-,C,B,A-,3.0,3.0,5.0,1.0,3.0,4.0,4.0,5.0,3.0,1.0,2.0,2.0,3.0,3.0,4.0
2024252870,123,student211@gmail.com,Amira,Khalid,Female,017-8463255,UiTM Kampus Jasin,FSKM,CDCS230,6,Incomplete,UiTM Kampus Jasin,,,,,,,,,,,,,,,,,,,,,B+,B+,A+,C,A,A-,A,2.0,2.0,1.0,1.0,1.0,2.0,1.0,1.0,2.0,1.0,2.0,2.0,1.0,2.0,2.0,A-,A,B+,B+,B+,A+,B,5.0,5.0,2.0,1.0,1.0,4.0,5.0,2.0,2.0,2.0,3.0,4.0,3.0,4.0,1.0,A+,A-,A-,A-,C+,A,B,C-,1.0,3.0,4.0,4.0,3.0,1.0,3.0,4.0,5.0,1.0,2.0,2.0,5.0,3.0,5.0,A-,A,A,B-,A,C,C+,3.0,5.0,2.0,3.0,2.0,1.0,2.0,5.0,5.0,3.0,1.0,1.0,3.0,5.0,3.0,A+,A+,A-,A+,B+,B+,A,5.0,3.0,1.0,4.0,1.0,4.0,4.0,5.0,3.0,1.0,5.0,5.0,1.0,5.0,1.0
2022500912,123,student212@gmail.com,Nurul,Latif,Female,012-0408296,UiTM Kampus Jasin,FSKM,CDCS230,6,Incomplete,UiTM Kampus Jasin,,,,,,,,,,,,,,,,,,,,,B-,C,C+,B,B,B-,A-,4.0,5.0,3.0,5.0,3.0,3.0,4.0,3.0,5.0,4.0,3.0,5.0,5.0,3.0,4.0,B-,C+,C+,B-,A,C+,C+,3.0,2.0,4.0,3.0,5.0,2.0,1.0,1.0,2.0,5.0,5.0,1.0,1.0,5.0,4.0,B-,C,C+,B-,C-,C,D+,D+,3.0,3.0,2.0,4.0,2.0,2.0,1.0,5.0,4.0,1.0,4.0,5.0,1.0,5.0,5.0,C+,C,C+,D+,B,A+,D+,1.0,3.0,2.0,3.0,1.0,5.0,4.0,5.0,2.0,1.0,1.0,3.0,5.0,3.0,5.0,B-,B-,B-,C,C,C+,B-,4.0,5.0,5.0,3.0,3.0,1.0,4.0,3.0,5.0,1.0,1.0,3.0,5.0,2.0,1.0
2025037827,123,student213@gmail.com,Rizwan,Rahman,Male,012-4793952,UiTM Kampus Jasin,FSKM,CDCS230,4,Incomplete,UiTM Kampus Jasin,,,,,,,,,,,,,,,,,,,,,,,,,,,,,,,,,,,,,,,,,,,,,,,,,,,,,,,,,,,,,,,,,A,A+,A+,A+,C+,A,A-,A,5.0,5.0,5.0,3.0,5.0,5.0,3.0,5.0,5.0,3.0,3.0,4.0,4.0,3.0,3.0,A,A+,A+,C,A-,A,A+,1.0,5.0,2.0,4.0,2.0,2.0,4.0,5.0,3.0,5.0,2.0,2.0,4.0,1.0,2.0,A,A-,A-,A+,B+,B-,C-,3.0,4.0,1.0,3.0,5.0,1.0,3.0,1.0,3.0,1.0,3.0,3.0,3.0,5.0,3.0
2022063877,123,student214@gmail.com,Amira,Abdullah,Female,014-2788310,UiTM Kampus Jasin,FSKM,CDCS230,6,Incomplete,UiTM Kampus Jasin,,,,,,,,,,,,,,,,,,,,,B+,A-,B,C,C-,B,B+,1.0,2.0,1.0,1.0,1.0,2.0,1.0,1.0,2.0,1.0,2.0,2.0,2.0,1.0,1.0,A-,B+,A-,A-,A+,A-,B+,3.0,5.0,5.0,1.0,3.0,5.0,5.0,3.0,1.0,3.0,5.0,3.0,2.0,2.0,5.0,B+,A-,B,B,B,B,B-,B+,3.0,3.0,5.0,2.0,3.0,1.0,5.0,1.0,3.0,2.0,2.0,5.0,5.0,5.0,1.0,B+,B+,B,B,A+,A+,C+,4.0,2.0,1.0,2.0,1.0,5.0,3.0,3.0,2.0,1.0,3.0,2.0,5.0,4.0,4.0,A-,A-,A-,B,A-,A-,C+,1.0,2.0,4.0,3.0,5.0,4.0,2.0,2.0,1.0,1.0,1.0,3.0,2.0,1.0,4.0
2024802890,123,student215@gmail.com,Kamal,Abdullah,Male,012-4530841,UiTM Kampus Jasin,FSKM,CDCS230,2,Incomplete,UiTM Kampus Jasin,,,,,,,,,,,,,,,,,,,,,,,,,,,,,,,,,,,,,,,,,,,,,,,,,,,,,,,,,,,,,,,,,,,,,,,,,,,,,,,,,,,,,,,,,,,,,,,,,,,,,,,,,,,,,,A-,A,A+,A+,A+,B-,B-,2.0,1.0,1.0,1.0,1.0,1.0,2.0,1.0,2.0,1.0,2.0,2.0,1.0,1.0,2.0
2025331486,123,student216@gmail.com,Hakim,Rahman,Male,010-9421031,UiTM Kampus Jasin,FSKM,CDCS230,3,Incomplete,UiTM Kampus Jasin,,,,,,,,,,,,,,,,,,,,,,,,,,,,,,,,,,,,,,,,,,,,,,,,,,,,,,,,,,,,,,,,,,,,,,,,,,,,,,,,,,,,,,,,A-,B,B+,A-,B+,B+,C,4.0,5.0,3.0,4.0,3.0,4.0,5.0,5.0,4.0,4.0,4.0,5.0,4.0,3.0,3.0,C,B-,B-,C,B-,D+,C,1.0,1.0,2.0,2.0,2.0,4.0,2.0,3.0,4.0,1.0,2.0,5.0,5.0,2.0,4.0
2023659708,123,student217@gmail.com,Rizwan,Hassan,Male,016-4603040,UiTM Kampus Jasin,FSKM,CDCS230,1,Incomplete,UiTM Kampus Jasin,,,,,,,,,,,,,,,,,,,,,,,,,,,,,,,,,,,,,,,,,,,,,,,,,,,,,,,,,,,,,,,,,,,,,,,,,,,,,,,,,,,,,,,,,,,,,,,,,,,,,,,,,,,,,,,,,,,,,,,,,,,,,,,,,,,
2022964474,123,student218@gmail.com,Ahmad,Rahman,Male,012-6159229,UiTM Kampus Jasin,FSKM,CDCS230,3,Incomplete,UiTM Kampus Jasin,,,,,,,,,,,,,,,,,,,,,,,,,,,,,,,,,,,,,,,,,,,,,,,,,,,,,,,,,,,,,,,,,,,,,,,,,,,,,,,,,,,,,,,,C+,C+,B-,B-,B,C,B,2.0,1.0,1.0,1.0,2.0,1.0,2.0,1.0,1.0,2.0,1.0,2.0,1.0,1.0,2.0,A,B+,A,A,A,A-,A+,2.0,5.0,4.0,5.0,5.0,4.0,4.0,5.0,2.0,5.0,4.0,2.0,5.0,5.0,4.0
2023151255,123,student219@gmail.com,Kamal,Khalid,Male,013-3678216,UiTM Kampus Jasin,FSKM,CDCS230,1,Incomplete,UiTM Kampus Jasin,,,,,,,,,,,,,,,,,,,,,,,,,,,,,,,,,,,,,,,,,,,,,,,,,,,,,,,,,,,,,,,,,,,,,,,,,,,,,,,,,,,,,,,,,,,,,,,,,,,,,,,,,,,,,,,,,,,,,,,,,,,,,,,,,,,
2025734988,123,student220@gmail.com,Faiz,Khalid,Male,016-9856539,UiTM Kampus Jasin,FSKM,CDCS230,3,Incomplete,UiTM Kampus Jasin,,,,,,,,,,,,,,,,,,,,,,,,,,,,,,,,,,,,,,,,,,,,,,,,,,,,,,,,,,,,,,,,,,,,,,,,,,,,,,,,,,,,,,,,B,A-,B+,A-,D+,A-,B,3.0,4.0,3.0,3.0,5.0,4.0,3.0,4.0,3.0,4.0,5.0,3.0,3.0,3.0,4.0,A,A,A,A-,A,A+,A,2.0,5.0,4.0,3.0,1.0,3.0,3.0,4.0,1.0,4.0,4.0,3.0,5.0,2.0,1.0
2023304607,123,student221@gmail.com,Hannah,Khalid,Female,010-5298241,UiTM Kampus Jasin,FSKM,CDCS230,1,Incomplete,UiTM Kampus Jasin,,,,,,,,,,,,,,,,,,,,,,,,,,,,,,,,,,,,,,,,,,,,,,,,,,,,,,,,,,,,,,,,,,,,,,,,,,,,,,,,,,,,,,,,,,,,,,,,,,,,,,,,,,,,,,,,,,,,,,,,,,,,,,,,,,,
2025519553,123,student222@gmail.com,Siti,Latif,Female,013-7638966,UiTM Kampus Jasin,FSKM,CDCS230,6,Incomplete,UiTM Kampus Jasin,,,,,,,,,,,,,,,,,,,,,B,B,A-,C,B-,A-,A-,5.0,5.0,4.0,4.0,3.0,3.0,3.0,5.0,3.0,4.0,4.0,4.0,4.0,4.0,3.0,A-,B,A-,B+,C+,B+,C-,3.0,2.0,2.0,1.0,3.0,5.0,4.0,2.0,4.0,2.0,2.0,2.0,2.0,5.0,1.0,B+,A-,B+,A-,A+,B+,D+,D+,5.0,4.0,5.0,2.0,4.0,3.0,3.0,3.0,5.0,2.0,4.0,4.0,3.0,3.0,2.0,A-,B,B,B,B-,C,B,4.0,1.0,3.0,3.0,4.0,3.0,2.0,5.0,2.0,5.0,3.0,2.0,3.0,2.0,4.0,B+,A-,A-,A-,A-,B,B+,3.0,4.0,4.0,1.0,1.0,2.0,2.0,3.0,1.0,5.0,3.0,4.0,1.0,4.0,3.0
2024675897,123,student223@gmail.com,Siti,Abdullah,Female,016-1980522,UiTM Kampus Jasin,FSKM,CDCS230,2,Incomplete,UiTM Kampus Jasin,,,,,,,,,,,,,,,,,,,,,,,,,,,,,,,,,,,,,,,,,,,,,,,,,,,,,,,,,,,,,,,,,,,,,,,,,,,,,,,,,,,,,,,,,,,,,,,,,,,,,,,,,,,,,,A-,B,A-,A-,B+,B-,B,4.0,4.0,5.0,3.0,3.0,3.0,5.0,3.0,5.0,4.0,5.0,5.0,5.0,5.0,4.0
2022918767,123,student224@gmail.com,Aisyah,Hassan,Female,017-0312731,UiTM Kampus Jasin,FSKM,CDCS230,3,Incomplete,UiTM Kampus Jasin,,,,,,,,,,,,,,,,,,,,,,,,,,,,,,,,,,,,,,,,,,,,,,,,,,,,,,,,,,,,,,,,,,,,,,,,,,,,,,,,,,,,,,,,B+,A+,B+,A+,B,A,A-,4.0,5.0,4.0,4.0,5.0,5.0,4.0,5.0,4.0,4.0,3.0,5.0,4.0,5.0,3.0,A-,B,B+,A-,B,A+,C,2.0,1.0,3.0,5.0,2.0,4.0,3.0,3.0,1.0,5.0,1.0,4.0,2.0,1.0,4.0
2024669441,123,student225@gmail.com,Siti,Hassan,Female,018-6910177,UiTM Kampus Jasin,FSKM,CDCS230,6,Incomplete,UiTM Kampus Jasin,,,,,,,,,,,,,,,,,,,,,C+,C,C,C+,C+,C,D+,3.0,4.0,5.0,5.0,5.0,5.0,5.0,3.0,4.0,4.0,5.0,4.0,3.0,5.0,4.0,C+,C,C+,C,A-,B-,C,5.0,2.0,5.0,5.0,1.0,5.0,3.0,1.0,5.0,4.0,1.0,4.0,2.0,1.0,4.0,C,C+,C+,B-,B,C,A+,B,5.0,2.0,5.0,3.0,2.0,1.0,3.0,2.0,3.0,5.0,3.0,4.0,5.0,4.0,2.0,C,C,C,C+,D+,C,C-,2.0,1.0,4.0,1.0,5.0,3.0,2.0,1.0,3.0,3.0,5.0,4.0,2.0,2.0,3.0,C+,B-,B-,C+,C,A,B,1.0,2.0,4.0,1.0,4.0,3.0,2.0,2.0,2.0,1.0,5.0,1.0,4.0,3.0,1.0
2024286004,123,student226@gmail.com,Kamal,Yusof,Male,018-7347717,UiTM Kampus Jasin,FSKM,CDCS230,1,Incomplete,UiTM Kampus Jasin,,,,,,,,,,,,,,,,,,,,,,,,,,,,,,,,,,,,,,,,,,,,,,,,,,,,,,,,,,,,,,,,,,,,,,,,,,,,,,,,,,,,,,,,,,,,,,,,,,,,,,,,,,,,,,,,,,,,,,,,,,,,,,,,,,,
2022050897,123,student227@gmail.com,Siti,Khalid,Female,010-6443234,UiTM Kampus Jasin,FSKM,CDCS230,6,Incomplete,UiTM Kampus Jasin,,,,,,,,,,,,,,,,,,,,,B+,B+,A+,A-,C+,B+,B,3.0,4.0,5.0,3.0,5.0,3.0,5.0,3.0,3.0,4.0,3.0,4.0,4.0,4.0,5.0,B+,B+,A,A-,A+,A+,A-,5.0,3.0,2.0,2.0,2.0,1.0,5.0,4.0,2.0,5.0,3.0,4.0,3.0,2.0,1.0,A+,A,A+,A+,C,A-,B+,A+,5.0,3.0,3.0,1.0,4.0,2.0,1.0,3.0,2.0,2.0,1.0,1.0,1.0,5.0,2.0,B+,A,B+,A,A+,C-,A,1.0,2.0,3.0,3.0,1.0,4.0,2.0,3.0,4.0,1.0,4.0,1.0,3.0,1.0,4.0,A,B+,A+,B+,A,C,B,1.0,1.0,5.0,5.0,2.0,4.0,5.0,5.0,4.0,3.0,3.0,4.0,5.0,5.0,2.0
2023160203,123,student228@gmail.com,Aisyah,Rahman,Female,012-4365944,UiTM Kampus Jasin,FSKM,CDCS230,6,Incomplete,UiTM Kampus Jasin,,,,,,,,,,,,,,,,,,,,,A-,A-,B+,C,A-,A+,B+,4.0,4.0,4.0,3.0,4.0,4.0,3.0,5.0,5.0,5.0,5.0,5.0,3.0,5.0,4.0,A+,A+,B+,A-,B-,A+,C-,3.0,5.0,3.0,4.0,1.0,4.0,4.0,3.0,3.0,3.0,3.0,2.0,4.0,4.0,1.0,A,A-,A,A-,C+,A+,A+,C,1.0,3.0,1.0,2.0,2.0,2.0,3.0,1.0,2.0,4.0,1.0,5.0,2.0,4.0,1.0,A,A+,A+,D+,A-,C+,C,3.0,4.0,3.0,4.0,5.0,3.0,5.0,2.0,4.0,5.0,1.0,3.0,1.0,3.0,2.0,A+,B+,B+,A+,A,A-,D+,2.0,4.0,4.0,3.0,3.0,4.0,2.0,2.0,3.0,5.0,1.0,1.0,5.0,5.0,4.0
2023183864,123,student229@gmail.com,Aisyah,Abdullah,Female,018-1754110,UiTM Kampus Jasin,FSKM,CDCS230,1,Incomplete,UiTM Kampus Jasin,,,,,,,,,,,,,,,,,,,,,,,,,,,,,,,,,,,,,,,,,,,,,,,,,,,,,,,,,,,,,,,,,,,,,,,,,,,,,,,,,,,,,,,,,,,,,,,,,,,,,,,,,,,,,,,,,,,,,,,,,,,,,,,,,,,
2024586799,123,student230@gmail.com,Rizwan,Rahman,Male,017-5265335,UiTM Kampus Jasin,FSKM,CDCS230,6,Incomplete,UiTM Kampus Jasin,,,,,,,,,,,,,,,,,,,,,C+,C+,C,A+,B-,C+,A-,5.0,5.0,5.0,3.0,4.0,5.0,3.0,5.0,4.0,3.0,3.0,3.0,4.0,5.0,4.0,C,C,C,C,C,C,B-,4.0,4.0,2.0,4.0,2.0,3.0,3.0,1.0,5.0,5.0,1.0,2.0,3.0,5.0,3.0,C,C+,C+,C+,A+,C,A-,A+,4.0,1.0,3.0,4.0,2.0,2.0,4.0,5.0,1.0,1.0,5.0,1.0,5.0,4.0,2.0,C+,B-,C,C+,A,C,C+,4.0,1.0,5.0,2.0,3.0,2.0,5.0,5.0,4.0,2.0,5.0,5.0,2.0,1.0,3.0,C+,B-,B-,B-,C+,A,A,2.0,2.0,3.0,4.0,2.0,3.0,4.0,2.0,2.0,4.0,3.0,5.0,1.0,4.0,2.0
