Timestamp,Do you agree with the statement above?,What is your gender?,What is your current semester?,"ELECTIVE (DSC651 - DATA REPRESENTATION AND REPORTING TECHNIQUES, CSC683 - GAME DEVELOPMENT)",CSC662 - COMPUTER SECURITY,"ELECTIVE (ISP610 - BUSINESS DATA ANALYTICS, CSC574 - DYNAMIC WEB APPLICATION DEVELOPMENT)",CSC650 - PROJECT,"ICT652 - ETHICAL, SOCIAL, AND PROFESSIONAL ISSUES IN ICT",How confident are you in evaluating the credibility of online sources and citing information ethically for academic projects? (Part 6),"How well do you practice safe, legal, and responsible use of technology, including respecting copyright and maintaining online privacy? (Part 6)","How effectively can you use digital tools to analyze problems, manage projects, and make informed decisions? (Part 6)","How comfortable are you with learning new technologies, troubleshooting technical issues, and adapting to emerging software platforms? (Part 6)",How proficient are you at creating digital content and communicating technical information to different audiences using various digital media? (Part 6),How confident are you in your ability to design and implement algorithms to solve complex problems? (Part 6),How comfortable are you with version control systems like Git for managing and collaborating on code projects? (Part 6),How proficient are you at writing unit tests and ensuring code reliability through test-driven development (TDD)? (Part 6),How well can you analyze and optimize the performance of a program? (Part 6),"How comfortable are you with integrating external libraries, APIs, or frameworks into your programming projects? (Part 6)",I am confident in using SQL and Python for data analysis and database queries (Part 6),"I can effectively process and analyze large datasets using big data tools like Hadoop, Spark, and Hive (Part 6)",I am comfortable applying machine learning techniques and algorithms like logistic regression and supervised learning to solve data-driven problems (Part 6),"I can manage and maintain databases using tools such as MySQL, R, and data administration techniques (Part 6)","I can prepare and present data-driven insights using data visualization and reporting tools like Excel, PPT, and dashboards (Part 6)",CSC580 - PARALLEL PROCESSING,CSC645 - ALGORITHM ANALYSIS AND DESIGN,CSC649 - SPECIAL TOPICS IN COMPUTER SCIENCE,CSP600 - PROJECT FORMULATION,ENT600 - TECHNOLOGY ENTREPRENEURSHIP,"ELECTIVE (STA404 - STATISTICS FOR BUSINESS AND SOCIAL SCIENCES, CSC557 - MOBILE PROGRAMMING)","FOREIGN LANGAUGE (E.G., TMC501, ETC)",How confident are you in evaluating the credibility of online sources and citing information ethically for academic projects? (Part 5),"How well do you practice safe, legal, and responsible use of technology, including respecting copyright and maintaining online privacy? (Part 5)","How effectively can you use digital tools to analyze problems, manage projects, and make informed decisions? (Part 5)","How comfortable are you with learning new technologies, troubleshooting technical issues, and adapting to emerging software platforms? (Part 5)",How proficient are you at creating digital content and communicating technical information to different audiences using various digital media? (Part 5),How confident are you in your ability to design and implement algorithms to solve complex problems? (Part 5),How comfortable are you with version control systems like Git for managing and collaborating on code projects? (Part 5),How proficient are you at writing unit tests and ensuring code reliability through test-driven development (TDD)? (Part 5),How well can you analyze and optimize the performance of a program? (Part 5),"How comfortable are you with integrating external libraries, APIs, or frameworks into your programming projects? (Part 5)",I am confident in using SQL and Python for data analysis and database queries (Part 5),"I can effectively process and analyze large datasets using big data tools like Hadoop, Spark, and Hive (Part 5)",I am comfortable applying machine learning techniques and algorithms like logistic regression and supervised learning to solve data-driven problems (Part 5),"I can manage and maintain databases using tools such as MySQL, R, and data administration techniques (Part 5)","I can prepare and present data-driven insights using data visualization and reporting tools like Excel, PPT, and dashboards (Part 5)",CSC508 - DATA STRUCTURES,CSC569 - PRINCIPLES OF COMPILERS,CSC577 - SOFTWARE ENGINEERING - THEORIES AND PRINCIPLES,CSC584 - ENTERPRISE PROGRAMMING,ELC650 - ENGLISH FOR PROFESSIONAL INTERACTION,"ELECTIVE (ISP565 - DATA MINING, CSC566 - IMAGE PROCESSING)","FOREIGN LANGUAGE (E.G., TMC451, ETC)",How confident are you in evaluating the credibility of online sources and citing information ethically for academic projects? (Part 4),"How well do you practice safe, legal, and responsible use of technology, including respecting copyright and maintaining online privacy? (Part 4)","How effectively can you use digital tools to analyze problems, manage projects, and make informed decisions? (Part 4)","How comfortable are you with learning new technologies, troubleshooting technical issues, and adapting to emerging software platforms? (Part 4)",How proficient are you at creating digital content and communicating technical information to different audiences using various digital media? (Part 4),How confident are you in your ability to design and implement algorithms to solve complex problems? (Part 4),How comfortable are you with version control systems like Git for managing and collaborating on code projects? (Part 4),How proficient are you at writing unit tests and ensuring code reliability through test-driven development (TDD)? (Part 4),How well can you analyze and optimize the performance of a program? (Part 4),"How comfortable are you with integrating external libraries, APIs, or frameworks into your programming projects? (Part 4)",I am confident in using SQL and Python for data analysis and database queries (Part 4),"I can effectively process and analyze large datasets using big data tools like Hadoop, Spark, and Hive (Part 4)",I am comfortable applying machine learning techniques and algorithms like logistic regression and supervised learning to solve data-driven problems (Part 4),"I can manage and maintain databases using tools such as MySQL, R, and data administration techniques (Part 4)","I can prepare and present data-driven insights using data visualization and reporting tools like Excel, PPT, and dashboards (Part 4)",CSC435 - OBJECT ORIENTED PROGRAMMING,CSC510 - DISCRETE STRUCTURES,CSC520 - PRINCIPLES OF OPERATING SYSTEMS,CSC583 - ARTIFICIAL INTELLIGENCE ALGORITHMS,ELC501 - ENGLISH FOR CRITICAL ACADEMIC READING,"CO-CURRICULAR (E.G., HBU131, ETC)",MAT423 - LINEAR ALGEBRA I,"FOREIGN LANGUAGE (E.G., TMC401, ETC)",How confident are you in evaluating the credibility of online sources and citing information ethically for academic projects? (Part 3),"How well do you practice safe, legal, and responsible use of technology, including respecting copyright and maintaining online privacy? (Part 3)","How effectively can you use digital tools to analyze problems, manage projects, and make informed decisions? (Part 3)","How comfortable are you with learning new technologies, troubleshooting technical issues, and adapting to emerging software platforms? (Part 3)",How proficient are you at creating digital content and communicating technical information to different audiences using various digital media? (Part 3),How confident are you in your ability to design and implement algorithms to solve complex problems? (Part 3),How comfortable are you with version control systems like Git for managing and collaborating on code projects? (Part 3),How proficient are you at writing unit tests and ensuring code reliability through test-driven development (TDD)? (Part 3),How well can you analyze and optimize the performance of a program? (Part 3),"How comfortable are you with integrating external libraries, APIs, or frameworks into your programming projects? (Part 3)",I am confident in using SQL and Python for data analysis and database queries (Part 3),"I can effectively process and analyze large datasets using big data tools like Hadoop, Spark, and Hive (Part 3)",I am comfortable applying machine learning techniques and algorithms like logistic regression and supervised learning to solve data-driven problems (Part 3),"I can manage and maintain databases using tools such as MySQL, R, and data administration techniques (Part 3)","I can prepare and present data-driven insights using data visualization and reporting tools like Excel, PPT, and dashboards (Part 3)",CSC404 - PROGRAMMING II,CTU554 - VALUES AND CIVILIZATION II,"CO-CURRICULAR (E.G., HBU121, ETC)",ICT502 - DATABASE ENGINEERING,ITT400 - INTRODUCTION TO DATA COMMUNICATION AND NETWORKING,MAT421 - CALCULUS I,STA416 - APPLIED PROBABILITY AND STATISTICS,How confident are you in evaluating the credibility of online sources and citing information ethically for academic projects? (Part 2),"How well do you practice safe, legal, and responsible use of technology, including respecting copyright and maintaining online privacy? (Part 2)","How effectively can you use digital tools to analyze problems, manage projects, and make informed decisions? (Part 2)","How comfortable are you with learning new technologies, troubleshooting technical issues, and adapting to emerging software platforms? (Part 2)",How proficient are you at creating digital content and communicating technical information to different audiences using various digital media? (Part 2),How confident are you in your ability to design and implement algorithms to solve complex problems? (Part 2),How comfortable are you with version control systems like Git for managing and collaborating on code projects? (Part 2),How proficient are you at writing unit tests and ensuring code reliability through test-driven development (TDD)? (Part 2),How well can you analyze and optimize the performance of a program? (Part 2),"How comfortable are you with integrating external libraries, APIs, or frameworks into your programming projects? (Part 2)",I am confident in using SQL and Python for data analysis and database queries (Part 2),"I can effectively process and analyze large datasets using big data tools like Hadoop, Spark, and Hive (Part 2)",I am comfortable applying machine learning techniques and algorithms like logistic regression and supervised learning to solve data-driven problems (Part 2),"I can manage and maintain databases using tools such as MySQL, R, and data administration techniques (Part 2)","I can prepare and present data-driven insights using data visualization and reporting tools like Excel, PPT, and dashboards (Part 2)",CSC402 - PROGRAMMING I,CSC413 - INTRODUCTION TO INTERACTIVE MULTIMEDIA,CSC429 - COMPUTER ORGANIZATION AND ARCHITECTURE,CTU552 - PHILOSOPHY AND CURRENT ISSUES,"CO-CURRICULAR (E.G., HBU111, ETC)",ICT450 - DATABASE DESIGN AND DEVELOPMENT,MAT406 - FOUNDATION MATHEMATICS,How confident are you in evaluating the credibility of online sources and citing information ethically for academic projects? (Part 1),"How well do you practice safe, legal, and responsible use of technology, including respecting copyright and maintaining online privacy? (Part 1)","How effectively can you use digital tools to analyze problems, manage projects, and make informed decisions? (Part 1)","How comfortable are you with learning new technologies, troubleshooting technical issues, and adapting to emerging software platforms? (Part 1)",How proficient are you at creating digital content and communicating technical information to different audiences using various digital media? (Part 1),How confident are you in your ability to design and implement algorithms to solve complex problems? (Part 1),How comfortable are you with version control systems like Git for managing and collaborating on code projects? (Part 1),How proficient are you at writing unit tests and ensuring code reliability through test-driven development (TDD)? (Part 1),How well can you analyze and optimize the performance of a program? (Part 1),"How comfortable are you with integrating external libraries, APIs, or frameworks into your programming projects? (Part 1)",I am confident in using SQL and Python for data analysis and database queries (Part 1),"I can effectively process and analyze large datasets using big data tools like Hadoop, Spark, and Hive (Part 1)",I am comfortable applying machine learning techniques and algorithms like logistic regression and supervised learning to solve data-driven problems (Part 1),"I can manage and maintain databases using tools such as MySQL, R, and data administration techniques (Part 1)","I can prepare and present data-driven insights using data visualization and reporting tools like Excel, PPT, and dashboards (Part 1)"
6/5/2025 0:13:33,Yes,Male,4,,,,,,,,,,,,,,,,,,,,,,,,,,,,,,,,,,,,,,,,,,,,,,,,,,,,,,,,,,,,,,,,,A-,A-,A,A,A,A,C-,B-,2,2,1,1,1,2,1,2,2,2,1,1,2,2,1,B+,A,A,B,A+,C+,D+,2,5,3,3,5,3,3,5,4,5,1,2,3,4,4,A,B+,A-,A,A+,C,A+,4,3,1,4,1,4,3,3,5,2,2,3,2,1,1
6/5/2025 2:51:43,Yes,Female,6,,,,,,,,,,,,,,,,,,,,,A-,B+,B+,C,A-,B+,B+,3,5,5,3,3,4,4,3,5,5,4,3,3,4,5,B+,B,B,B,B,A-,A+,5,2,5,2,4,4,3,5,3,1,4,1,3,3,3,B,B,A-,B,D+,B,D+,A,2,1,4,5,4,3,4,5,3,1,3,1,5,3,5,A-,B,B+,C-,B+,A,A,1,3,1,5,1,5,2,5,1,1,2,5,5,5,4,B,B,B+,B,B+,B+,A,4,5,5,3,5,2,2,2,2,5,5,4,1,1,4
6/5/2025 12:03:55,Yes,Male,4,,,,,,,,,,,,,,,,,,,,,,,,,,,,,,,,,,,,,,,,,,,,,,,,,,,,,,,,,,,,,,,,,B-,C,C,B-,B-,C,B-,B-,4,4,5,5,4,5,4,4,3,5,5,3,5,3,4,C+,C+,C+,C,D+,D+,A,2,5,1,4,5,5,2,1,3,2,4,4,4,4,4,B-,C+,C+,B-,C,A-,A+,3,1,4,1,5,2,3,2,3,5,1,4,5,1,3
6/6/2025 2:53:32,Yes,Female,6,,,,,,,,,,,,,,,,,,,,,A,A,B+,A+,C+,A,A,1,2,2,1,2,2,1,2,2,2,2,1,1,1,2,A,A+,A-,A-,C-,B+,B+,3,3,2,3,5,5,2,1,1,2,1,1,2,5,5,A,A-,A,A-,A,A-,C+,C,1,2,5,4,5,3,4,4,2,3,4,1,2,5,2,B+,A-,A+,A+,C,B,A,1,4,4,5,2,3,3,3,2,4,4,3,5,5,1,A+,A-,A,B+,A,A+,A,5,3,4,1,4,4,4,4,2,3,3,4,4,1,1
6/6/2025 19:30:31,Yes,Male,4,,,,,,,,,,,,,,,,,,,,,,,,,,,,,,,,,,,,,,,,,,,,,,,,,,,,,,,,,,,,,,,,,C,C,B-,B-,D+,C+,C+,B,4,4,3,5,5,5,5,3,5,4,5,5,4,4,4,C,C,B-,A,C,A+,B-,5,2,2,2,1,3,5,3,5,5,4,1,5,3,5,B-,C,B-,C,C+,C+,A+,1,5,2,5,2,3,4,2,2,5,5,4,3,1,3
6/7/2025 2:35:12,Yes,Male,5,,,,,,,,,,,,,,,,,,,,,,,,,,,,,,,,,,,,,,,,,,,A-,A+,A,A+,C-,A,C-,1,2,1,2,1,2,1,2,2,1,1,1,1,2,2,A-,A-,A,B+,C,A,C,B,4,2,3,1,1,4,5,2,3,1,4,3,4,5,5,A,B+,A+,A+,A,A-,C,1,2,1,5,3,3,3,2,2,5,2,2,1,5,1,B+,A+,A+,B+,B+,B-,A+,2,1,3,1,3,4,4,3,3,1,2,4,2,3,1
6/7/2025 5:34:15,Yes,Male,2,,,,,,,,,,,,,,,,,,,,,,,,,,,,,,,,,,,,,,,,,,,,,,,,,,,,,,,,,,,,,,,,,,,,,,,,,,,,,,,,,,,,,,,,,,,,,,,,,,,,,,,,,,,,,,A-,A-,B+,B,B+,A+,B+,1,2,1,1,2,1,1,2,1,1,1,2,1,1,2
6/7/2025 5:45:26,Yes,Female,5,,,,,,,,,,,,,,,,,,,,,,,,,,,,,,,,,,,,,,,,,,,A+,A+,A,A+,D+,B+,C+,1,2,1,1,1,2,2,1,2,1,1,1,2,2,2,A+,A,A-,A,B,A,D+,C-,5,4,5,1,5,1,4,4,3,3,1,2,3,4,3,A+,A,B+,C+,C,A-,C+,1,4,5,1,1,1,5,1,5,1,5,4,3,4,4,A-,A+,B+,B+,A-,A+,B+,5,5,2,2,1,2,3,5,5,3,4,5,5,3,2
6/7/2025 6:56:23,Yes,Male,1,,,,,,,,,,,,,,,,,,,,,,,,,,,,,,,,,,,,,,,,,,,,,,,,,,,,,,,,,,,,,,,,,,,,,,,,,,,,,,,,,,,,,,,,,,,,,,,,,,,,,,,,,,,,,,,,,,,,,,,,,,,,,,,,,,,
6/7/2025 7:33:45,Yes,Male,2,,,,,,,,,,,,,,,,,,,,,,,,,,,,,,,,,,,,,,,,,,,,,,,,,,,,,,,,,,,,,,,,,,,,,,,,,,,,,,,,,,,,,,,,,,,,,,,,,,,,,,,,,,,,,,B+,A,B+,A-,A,A,A-,5,3,4,5,5,5,5,3,5,5,5,3,3,5,5
6/7/2025 17:14:34,Yes,Female,6,,,,,,,,,,,,,,,,,,,,,B+,B+,A,C-,C,B+,C,1,2,1,2,1,2,2,1,2,2,1,2,1,1,1,A-,B+,A,A+,A-,A+,A,4,4,3,4,2,1,2,5,1,3,1,5,2,3,3,A-,A-,A-,A,C-,A+,C,C,1,1,4,3,2,5,5,3,1,2,1,2,1,2,1,A-,B+,B+,A+,C,B+,A-,1,2,5,3,1,1,1,3,3,4,2,5,5,4,2,A,A-,A+,A,A-,B+,C-,3,3,1,1,3,5,3,3,3,4,3,5,1,4,2
6/7/2025 18:57:22,Yes,Female,3,,,,,,,,,,,,,,,,,,,,,,,,,,,,,,,,,,,,,,,,,,,,,,,,,,,,,,,,,,,,,,,,,,,,,,,,,,,,,,,,,,,,,,,,B-,B-,B-,C+,B,B-,C-,5,4,4,5,3,5,5,5,5,3,3,4,5,5,3,B,A-,A-,A-,B+,D+,C+,1,1,4,4,4,1,4,3,1,4,3,4,5,3,1
6/7/2025 19:29:24,Yes,Female,6,,,,,,,,,,,,,,,,,,,,,B,B,B,B+,D+,B,B+,3,3,3,2,2,3,4,2,2,3,3,1,2,1,5,B,B,A-,A-,C+,A-,C,4,4,1,1,1,5,1,1,4,2,1,2,1,2,1,A-,B,B,A-,B-,A-,A-,B-,5,4,3,2,1,3,2,3,4,3,3,2,4,1,5,B,B+,B,B-,A,C+,A-,3,5,4,1,2,3,3,2,1,4,1,3,2,5,2,A-,B+,B,B+,A-,D+,C+,1,2,4,1,5,5,1,3,1,3,5,4,2,2,2
6/7/2025 22:07:45,Yes,Female,5,,,,,,,,,,,,,,,,,,,,,,,,,,,,,,,,,,,,,,,,,,,C+,C+,C,B-,C-,C+,C+,2,1,1,2,2,1,1,1,2,2,2,2,1,2,1,C+,C,C,C,A+,C,C-,A-,2,2,3,1,1,5,2,4,5,3,3,4,2,1,3,C,C+,C,B,C-,B,C,3,1,3,2,1,1,3,2,4,2,1,2,3,1,2,B-,C,C,C,B-,A,C+,1,1,5,5,2,1,1,3,3,3,1,5,1,5,2
6/7/2025 23:15:21,Yes,Male,4,,,,,,,,,,,,,,,,,,,,,,,,,,,,,,,,,,,,,,,,,,,,,,,,,,,,,,,,,,,,,,,,,C,C,C+,B-,B,C+,A,B+,5,3,4,5,4,5,3,4,4,5,4,5,3,4,3,C+,B-,C+,D+,A-,A-,A,3,4,3,5,2,1,3,5,4,2,3,2,5,3,1,C,B-,C,C+,C+,A-,C,1,4,5,1,1,1,4,4,4,3,1,1,1,1,1
6/8/2025 5:24:11,Yes,Female,1,,,,,,,,,,,,,,,,,,,,,,,,,,,,,,,,,,,,,,,,,,,,,,,,,,,,,,,,,,,,,,,,,,,,,,,,,,,,,,,,,,,,,,,,,,,,,,,,,,,,,,,,,,,,,,,,,,,,,,,,,,,,,,,,,,,
6/8/2025 14:46:18,Yes,Male,2,,,,,,,,,,,,,,,,,,,,,,,,,,,,,,,,,,,,,,,,,,,,,,,,,,,,,,,,,,,,,,,,,,,,,,,,,,,,,,,,,,,,,,,,,,,,,,,,,,,,,,,,,,,,,,C,C+,C,B-,B-,C,C-,5,3,5,3,5,3,4,4,4,5,3,5,3,5,4
6/9/2025 5:11:28,Yes,Male,5,,,,,,,,,,,,,,,,,,,,,,,,,,,,,,,,,,,,,,,,,,,A-,B+,A-,A+,C+,A+,A-,4,4,4,3,3,4,4,4,4,3,4,4,4,4,3,A-,A,A+,A,A+,A,B-,B-,3,5,2,1,4,5,3,5,5,4,1,2,3,3,5,A-,A+,A+,B+,A-,B+,C,3,4,1,5,2,5,1,5,2,1,3,1,2,5,3,A,A,A-,B+,A,C+,B+,2,2,3,1,3,4,5,4,4,5,4,1,1,3,4
6/9/2025 16:05:22,Yes,Female,2,,,,,,,,,,,,,,,,,,,,,,,,,,,,,,,,,,,,,,,,,,,,,,,,,,,,,,,,,,,,,,,,,,,,,,,,,,,,,,,,,,,,,,,,,,,,,,,,,,,,,,,,,,,,,,B+,A-,B+,B+,B,B-,C,2,1,2,1,1,1,2,1,1,1,1,2,1,2,2
6/10/2025 8:44:27,Yes,Female,3,,,,,,,,,,,,,,,,,,,,,,,,,,,,,,,,,,,,,,,,,,,,,,,,,,,,,,,,,,,,,,,,,,,,,,,,,,,,,,,,,,,,,,,,A-,A-,A,A+,A+,A+,C-,5,5,3,4,3,5,5,5,4,3,3,5,3,4,5,B-,C,B-,C+,C+,C,B+,3,1,4,1,5,1,2,5,4,1,4,3,5,2,1
6/10/2025 9:46:23,Yes,Female,4,,,,,,,,,,,,,,,,,,,,,,,,,,,,,,,,,,,,,,,,,,,,,,,,,,,,,,,,,,,,,,,,,A,A-,A-,B+,A,B+,B-,B,3,4,5,5,5,5,3,4,4,3,3,4,5,4,4,B+,A,A+,A+,C+,A-,A,5,3,1,1,2,4,3,1,2,2,4,1,3,4,4,A+,B+,A,A-,A-,A,B-,5,5,5,3,5,1,5,5,2,4,1,1,2,5,2
6/10/2025 16:13:10,Yes,Male,4,,,,,,,,,,,,,,,,,,,,,,,,,,,,,,,,,,,,,,,,,,,,,,,,,,,,,,,,,,,,,,,,,B+,A,A-,B+,B+,A,D+,B+,1,1,2,1,2,1,1,1,1,2,2,2,1,1,1,A,A,B+,B,B+,C+,A-,4,3,2,4,1,4,3,5,3,1,5,1,4,2,1,B+,B+,B+,B+,B+,A-,D+,3,5,4,5,4,5,3,2,5,3,3,5,5,2,3
6/10/2025 16:25:13,Yes,Male,7,B+,A+,C+,A,A,1,2,2,1,2,2,1,2,2,2,2,1,1,1,2,C,C,B-,C+,A-,C+,B+,2,5,1,2,5,2,3,1,2,4,2,2,4,1,1,C,B-,B-,B-,B-,C,D+,4,2,2,2,4,1,4,4,4,4,4,5,3,1,4,B-,C+,B-,C,D+,C,C+,A,1,3,3,2,1,5,2,3,1,2,4,3,4,1,5,C+,C+,B-,C,B-,A-,B-,5,5,2,1,2,4,2,3,2,1,1,2,3,4,4,C,B-,C,C+,B-,C+,B+,4,3,5,2,4,1,3,3,3,4,4,2,3,5,1
6/10/2025 18:06:19,Yes,Male,1,,,,,,,,,,,,,,,,,,,,,,,,,,,,,,,,,,,,,,,,,,,,,,,,,,,,,,,,,,,,,,,,,,,,,,,,,,,,,,,,,,,,,,,,,,,,,,,,,,,,,,,,,,,,,,,,,,,,,,,,,,,,,,,,,,,
6/11/2025 15:47:29,Yes,Female,5,,,,,,,,,,,,,,,,,,,,,,,,,,,,,,,,,,,,,,,,,,,A-,A+,B+,A,C+,A+,B-,2,2,1,1,2,2,1,1,1,2,1,2,2,2,1,A-,A-,A,B+,A-,A-,D+,A,5,3,2,5,5,4,5,4,5,2,1,5,5,4,2,A+,A-,A+,C-,D+,A-,B,2,2,4,5,1,1,3,4,4,5,3,5,2,1,1,B+,A-,A-,B+,A,A-,A-,1,4,2,5,4,5,3,5,2,4,5,4,2,4,3
6/12/2025 2:34:29,Yes,Female,6,,,,,,,,,,,,,,,,,,,,,A-,B+,B,D+,B,B,A+,5,5,5,5,5,5,5,3,3,4,4,4,4,3,3,B+,A-,A-,B+,B,B+,B+,4,2,3,5,1,2,4,1,1,1,2,3,4,3,1,B+,B+,B+,B,B+,B+,A+,A-,5,5,5,1,5,3,3,2,4,1,2,5,1,1,1,B,A-,B+,A,A+,B-,B,1,1,4,3,4,3,4,4,4,3,4,1,3,1,5,B+,B+,A-,B,B,C-,A,2,4,4,2,5,2,3,2,2,2,2,4,5,1,3
6/12/2025 19:50:26,Yes,Female,6,,,,,,,,,,,,,,,,,,,,,B,B+,A-,A,B-,B,A,5,3,5,3,4,4,3,5,3,3,3,5,4,3,4,A-,B,A-,A-,B-,B+,B-,4,2,3,4,1,2,4,1,1,4,1,3,3,3,3,B+,B,A-,A-,A,B+,A,B,1,4,1,2,4,5,5,4,2,5,5,1,3,3,1,B+,B,B,B+,A,D+,B+,1,3,1,2,3,2,1,1,1,5,4,2,4,4,3,B+,B,A-,B,B+,B-,D+,3,2,2,3,2,3,3,4,5,4,4,5,4,3,3
6/13/2025 13:31:43,Yes,Male,2,,,,,,,,,,,,,,,,,,,,,,,,,,,,,,,,,,,,,,,,,,,,,,,,,,,,,,,,,,,,,,,,,,,,,,,,,,,,,,,,,,,,,,,,,,,,,,,,,,,,,,,,,,,,,,C,C,C,B-,B-,C,C+,3,3,5,5,5,5,4,5,5,5,4,4,4,4,4
6/13/2025 17:35:28,Yes,Male,2,,,,,,,,,,,,,,,,,,,,,,,,,,,,,,,,,,,,,,,,,,,,,,,,,,,,,,,,,,,,,,,,,,,,,,,,,,,,,,,,,,,,,,,,,,,,,,,,,,,,,,,,,,,,,,A,A+,A-,A-,A-,C-,C,2,1,2,1,1,2,2,1,1,1,1,2,1,1,2
6/13/2025 19:47:38,Yes,Female,5,,,,,,,,,,,,,,,,,,,,,,,,,,,,,,,,,,,,,,,,,,,B+,B+,A-,A-,A-,A,A,2,2,2,2,2,1,2,1,2,2,1,1,1,1,1,A,A+,A-,A-,A-,A-,C-,C-,4,3,4,1,4,4,5,2,4,2,2,2,2,2,3,A,B+,A,A-,C+,A+,C-,1,5,2,4,4,2,2,4,1,1,5,5,3,1,2,A-,A-,A+,A-,A,B-,A-,2,4,5,2,5,4,4,3,5,2,4,5,2,3,4
6/13/2025 21:06:28,Yes,Male,4,,,,,,,,,,,,,,,,,,,,,,,,,,,,,,,,,,,,,,,,,,,,,,,,,,,,,,,,,,,,,,,,,A-,B+,A-,A-,C,B,A-,A+,4,3,4,5,4,4,5,3,5,5,5,5,4,3,5,B,B+,A-,B+,B,C-,D+,1,1,5,1,2,4,1,3,1,1,4,3,2,1,5,B,B,B+,A-,A-,D+,C,3,3,2,4,5,2,5,3,5,5,3,5,5,4,1
6/14/2025 2:07:20,Yes,Female,4,,,,,,,,,,,,,,,,,,,,,,,,,,,,,,,,,,,,,,,,,,,,,,,,,,,,,,,,,,,,,,,,,C+,B-,C,C,C-,C,C+,B+,1,2,2,1,1,2,1,1,2,1,1,2,2,1,2,C+,B-,C,A+,A,A,A+,1,1,3,2,4,3,2,1,1,5,5,3,3,2,2,C+,C+,C,C,C,B+,C,1,4,1,1,4,4,2,5,4,2,4,5,2,1,5
6/14/2025 3:08:08,Yes,Female,5,,,,,,,,,,,,,,,,,,,,,,,,,,,,,,,,,,,,,,,,,,,A-,A-,A+,B+,A-,B+,C,2,1,1,2,2,2,2,2,2,2,1,2,2,2,1,A-,A+,A+,A,B-,B+,B-,B-,1,2,3,4,1,3,3,3,2,1,4,2,1,2,2,B+,A,B+,B,C-,C-,B+,2,1,2,3,5,2,1,2,2,5,3,3,4,1,5,B+,A-,A-,A-,A+,C,C,4,5,1,5,3,2,3,4,5,4,4,4,5,1,4
6/14/2025 14:17:44,Yes,Female,5,,,,,,,,,,,,,,,,,,,,,,,,,,,,,,,,,,,,,,,,,,,B,B,A-,B+,B+,A-,A-,4,4,5,5,4,5,5,5,5,4,3,3,3,3,5,A-,B+,B+,B+,A-,A-,D+,C+,5,3,5,5,5,4,5,3,4,2,5,5,3,2,4,A-,A-,B,A+,B-,D+,B+,3,4,2,2,5,4,1,2,1,5,1,2,2,5,3,A-,A-,B+,B,A-,C-,C-,4,4,5,5,5,2,1,1,2,5,2,3,5,5,3
6/14/2025 18:59:08,Yes,Male,5,,,,,,,,,,,,,,,,,,,,,,,,,,,,,,,,,,,,,,,,,,,B+,A-,B+,B,A,A-,A,2,1,2,1,1,2,1,2,2,1,1,2,1,1,2,B,B+,B,A-,C,B+,A-,B,4,3,5,3,4,2,1,4,5,2,5,5,4,3,5,B,B,B,A,A+,A+,A+,2,1,2,2,4,4,3,4,5,3,3,5,2,1,3,B,B+,A-,B+,B,C-,B,3,5,5,3,5,5,1,5,2,3,1,5,2,2,2
6/14/2025 19:12:20,Yes,Female,6,,,,,,,,,,,,,,,,,,,,,A+,B+,A,D+,B+,A,D+,1,1,1,2,1,1,2,2,1,1,2,1,2,1,2,A-,A-,B+,A,C-,A-,B,1,2,5,4,1,2,2,5,3,2,5,2,3,1,3,A+,A,A+,A-,A+,A,B-,C-,4,5,3,2,3,4,5,2,1,2,4,5,3,1,4,A-,A-,A+,C,A,C,B-,3,4,1,2,5,2,4,4,5,1,2,3,3,1,4,A,A-,A+,B+,B+,B,C-,3,1,3,3,4,1,1,1,5,2,5,1,3,4,2
6/14/2025 21:19:55,Yes,Male,2,,,,,,,,,,,,,,,,,,,,,,,,,,,,,,,,,,,,,,,,,,,,,,,,,,,,,,,,,,,,,,,,,,,,,,,,,,,,,,,,,,,,,,,,,,,,,,,,,,,,,,,,,,,,,,C,B-,C+,C+,C,B,B,2,1,1,2,2,2,2,2,1,2,1,1,1,1,1
6/14/2025 23:43:49,Yes,Male,5,,,,,,,,,,,,,,,,,,,,,,,,,,,,,,,,,,,,,,,,,,,B+,B,A-,B+,B-,B+,B-,1,1,1,2,2,2,1,1,1,2,2,2,1,1,2,A-,B,B,B+,D+,B,C,B+,1,3,1,4,1,1,4,3,1,5,2,4,5,3,4,A-,A-,A-,A-,C,B+,B-,1,4,5,3,2,2,4,4,4,2,3,5,4,1,5,A-,B,B,B,B+,D+,B+,2,3,3,5,1,2,5,1,3,1,3,5,5,1,3
6/15/2025 3:01:07,Yes,Female,3,,,,,,,,,,,,,,,,,,,,,,,,,,,,,,,,,,,,,,,,,,,,,,,,,,,,,,,,,,,,,,,,,,,,,,,,,,,,,,,,,,,,,,,,A-,B,A-,A-,A,B,A,1,1,1,2,2,2,2,1,1,2,2,2,1,1,1,C+,C,C+,B-,B-,B,B-,4,2,4,4,4,1,5,4,3,1,4,4,5,2,2
6/15/2025 5:41:03,Yes,Female,6,,,,,,,,,,,,,,,,,,,,,C,B-,C,B,B,C,A-,4,4,3,5,5,4,5,5,4,4,5,4,4,5,4,B-,B-,C,C+,B,B-,C-,4,5,4,1,5,2,2,5,2,4,1,5,4,5,3,C+,B-,C,C+,B,C,A-,C+,1,1,4,3,5,2,4,2,5,5,2,5,2,4,4,B-,C,B-,C,A-,C+,A-,2,2,5,5,5,4,3,4,1,1,5,1,1,2,5,C,B-,B-,C,C+,B,B,2,2,5,4,4,4,5,3,2,1,2,5,1,1,3
6/15/2025 9:55:03,Yes,Female,2,,,,,,,,,,,,,,,,,,,,,,,,,,,,,,,,,,,,,,,,,,,,,,,,,,,,,,,,,,,,,,,,,,,,,,,,,,,,,,,,,,,,,,,,,,,,,,,,,,,,,,,,,,,,,,C+,C,B-,C,B-,A+,A-,5,5,4,5,3,3,5,4,5,3,3,3,4,5,4
6/15/2025 11:06:36,Yes,Female,5,,,,,,,,,,,,,,,,,,,,,,,,,,,,,,,,,,,,,,,,,,,B,A-,B+,A-,D+,A-,B,3,4,3,3,5,4,3,4,3,4,5,3,3,3,4,B+,B+,A-,B,C+,B,C+,A,4,2,2,2,2,4,2,4,5,4,4,5,4,3,5,B,B+,B+,A,D+,A+,C-,4,5,4,5,2,1,5,3,5,1,5,5,2,3,5,B+,B+,B,A-,A-,A+,C+,4,5,1,3,2,1,5,4,3,2,2,5,5,5,3
6/15/2025 13:19:39,Yes,Female,2,,,,,,,,,,,,,,,,,,,,,,,,,,,,,,,,,,,,,,,,,,,,,,,,,,,,,,,,,,,,,,,,,,,,,,,,,,,,,,,,,,,,,,,,,,,,,,,,,,,,,,,,,,,,,,C+,C+,C,C,B-,A,B+,5,5,5,5,4,4,3,4,5,5,5,5,4,4,4
6/15/2025 14:09:55,Yes,Female,2,,,,,,,,,,,,,,,,,,,,,,,,,,,,,,,,,,,,,,,,,,,,,,,,,,,,,,,,,,,,,,,,,,,,,,,,,,,,,,,,,,,,,,,,,,,,,,,,,,,,,,,,,,,,,,A-,A-,B,B+,B+,A-,B,4,5,3,4,4,4,3,3,5,4,5,3,4,3,3
6/16/2025 2:10:55,Yes,Female,6,,,,,,,,,,,,,,,,,,,,,B-,C,C+,D+,A+,C,A,3,5,3,4,3,3,4,4,4,5,5,5,3,5,3,B-,C,C,C,B,C+,B+,1,2,5,2,5,4,5,2,3,4,5,2,3,1,5,B-,C+,C+,C+,C,B-,A+,B+,3,5,5,4,1,3,2,1,4,1,3,1,1,5,2,C,C,C,A-,A,A,C+,5,4,3,3,2,5,1,3,4,4,5,5,4,4,4,B-,C,C,C+,C,C+,A,1,5,1,4,2,4,2,3,4,2,2,2,2,1,4
6/16/2025 6:26:47,Yes,Female,3,,,,,,,,,,,,,,,,,,,,,,,,,,,,,,,,,,,,,,,,,,,,,,,,,,,,,,,,,,,,,,,,,,,,,,,,,,,,,,,,,,,,,,,,A-,B+,A-,A+,C+,A+,A-,4,4,4,3,3,4,4,4,4,3,4,4,4,4,3,A-,A,A+,B+,A,C,B,3,2,3,1,3,2,2,5,3,5,5,1,5,5,4
6/16/2025 9:13:58,Yes,Male,2,,,,,,,,,,,,,,,,,,,,,,,,,,,,,,,,,,,,,,,,,,,,,,,,,,,,,,,,,,,,,,,,,,,,,,,,,,,,,,,,,,,,,,,,,,,,,,,,,,,,,,,,,,,,,,B,B+,A-,B,A-,B,B-,1,2,1,2,1,1,2,1,1,1,2,2,1,2,1
6/16/2025 15:30:57,Yes,Female,5,,,,,,,,,,,,,,,,,,,,,,,,,,,,,,,,,,,,,,,,,,,B+,B,B+,A-,B+,B+,B-,3,4,5,4,5,3,4,5,4,5,5,3,4,5,3,B,A-,B,B+,B-,B+,B-,B,1,3,4,1,3,3,5,3,5,4,2,4,1,2,3,B,A-,A-,C-,B-,C+,A-,2,2,4,3,3,3,5,3,1,5,4,2,5,1,2,B,A-,B,B,B,A+,A,2,2,3,3,3,2,1,2,3,5,1,2,2,2,1
6/16/2025 19:44:47,Yes,Male,5,,,,,,,,,,,,,,,,,,,,,,,,,,,,,,,,,,,,,,,,,,,B-,C+,C,B-,D+,C,A+,1,2,1,2,2,2,1,2,2,2,1,2,1,2,1,C+,B-,C+,B-,D+,C,C+,B+,5,1,1,3,5,1,5,4,2,2,2,3,3,4,4,C,C,B-,D+,B-,A,C-,1,4,2,1,3,5,5,3,3,1,3,1,2,4,1,B-,B-,B-,B-,B-,B,C,1,3,5,3,2,2,4,5,5,1,3,4,5,5,2
6/17/2025 8:18:45,Yes,Female,3,,,,,,,,,,,,,,,,,,,,,,,,,,,,,,,,,,,,,,,,,,,,,,,,,,,,,,,,,,,,,,,,,,,,,,,,,,,,,,,,,,,,,,,,A-,A-,A+,B+,A-,B+,C,2,1,1,2,2,2,2,2,2,2,1,2,2,2,1,B+,A,A+,B+,A,C+,A,2,2,2,2,1,1,1,5,4,4,5,3,3,3,1
6/18/2025 5:03:46,Yes,Male,5,,,,,,,,,,,,,,,,,,,,,,,,,,,,,,,,,,,,,,,,,,,B,B+,B,A-,B,A-,C+,3,3,3,3,4,3,4,4,4,4,3,4,3,3,4,A-,B+,B,A-,B-,B,A+,B,1,2,3,2,1,5,5,3,4,5,3,1,5,3,5,B+,B+,B+,C+,B-,B+,B+,3,4,4,1,2,4,1,2,2,1,3,5,3,4,5,B+,B,A-,B+,A-,B,C,5,2,4,3,4,4,1,2,2,1,2,1,4,5,1
6/18/2025 12:05:23,Yes,Male,4,,,,,,,,,,,,,,,,,,,,,,,,,,,,,,,,,,,,,,,,,,,,,,,,,,,,,,,,,,,,,,,,,A-,B,A-,A-,B+,B+,B,C,5,5,3,4,5,4,3,5,3,3,3,4,3,5,5,B+,B+,B+,A+,B-,A-,A,3,2,5,3,2,4,5,2,3,3,3,5,1,4,5,A-,B,B,B,A-,B,B,1,1,1,1,4,3,1,3,3,2,3,4,1,4,4
6/18/2025 13:00:52,Yes,Male,3,,,,,,,,,,,,,,,,,,,,,,,,,,,,,,,,,,,,,,,,,,,,,,,,,,,,,,,,,,,,,,,,,,,,,,,,,,,,,,,,,,,,,,,,B-,C+,C,C+,C+,B-,C-,5,4,3,4,3,3,5,3,5,5,5,5,5,5,5,B,A-,B,A-,B+,D+,B-,3,1,4,3,5,4,1,3,5,4,1,5,1,5,2
6/19/2025 8:44:44,Yes,Male,1,,,,,,,,,,,,,,,,,,,,,,,,,,,,,,,,,,,,,,,,,,,,,,,,,,,,,,,,,,,,,,,,,,,,,,,,,,,,,,,,,,,,,,,,,,,,,,,,,,,,,,,,,,,,,,,,,,,,,,,,,,,,,,,,,,,
6/19/2025 10:40:18,Yes,Female,6,,,,,,,,,,,,,,,,,,,,,B,B,B+,B,C,B,B,1,2,1,2,2,2,1,2,1,2,1,1,1,1,2,B+,B+,B,A-,B-,B+,B+,3,2,1,4,3,2,5,1,1,4,2,3,1,2,3,B+,B,A-,A-,C,A-,A,D+,4,3,2,1,1,1,3,4,4,4,1,5,4,5,5,B+,B,B,B-,C+,B,B-,2,5,2,4,2,2,3,1,3,5,2,3,2,1,3,A-,B+,B,A-,B+,B,B,5,5,1,4,1,3,1,5,4,5,1,1,2,2,1
6/19/2025 11:21:02,Yes,Male,4,,,,,,,,,,,,,,,,,,,,,,,,,,,,,,,,,,,,,,,,,,,,,,,,,,,,,,,,,,,,,,,,,A+,B+,A-,B+,B-,A,C-,B,1,1,2,2,1,1,2,2,2,2,2,1,2,1,1,A,A-,A+,D+,C,B-,D+,5,5,4,1,4,5,2,2,2,3,4,1,3,4,5,A,A+,B+,A+,A+,A-,D+,3,2,5,1,2,3,4,3,5,4,5,3,3,1,2
6/19/2025 14:17:47,Yes,Female,6,,,,,,,,,,,,,,,,,,,,,C+,C,C,A+,B-,C+,B,4,4,4,4,3,5,5,5,3,3,3,4,3,5,4,C+,B-,C+,C,D+,B-,A,3,3,1,3,2,1,4,5,2,4,3,3,1,1,3,B-,C,B-,C,A+,C+,C-,A,4,2,2,1,4,1,4,5,4,1,2,3,2,3,5,B-,B-,C+,A,C+,B+,C,4,4,3,4,4,3,5,3,2,3,3,1,3,2,4,C,C,B-,C,C,B,C+,1,3,3,3,3,1,3,3,5,1,2,2,4,5,4
6/19/2025 18:12:19,Yes,Male,4,,,,,,,,,,,,,,,,,,,,,,,,,,,,,,,,,,,,,,,,,,,,,,,,,,,,,,,,,,,,,,,,,B+,B,B,B,D+,A-,C+,A-,2,2,2,1,1,1,2,2,1,1,1,2,2,1,2,B,A-,B+,C,B-,B,B-,3,1,1,4,5,5,4,2,5,5,4,3,2,3,3,B+,B+,B+,B+,A-,A+,C-,4,4,1,2,3,4,1,5,1,4,1,4,5,5,4
6/19/2025 22:07:22,Yes,Male,4,,,,,,,,,,,,,,,,,,,,,,,,,,,,,,,,,,,,,,,,,,,,,,,,,,,,,,,,,,,,,,,,,A-,A,A,A+,B+,B+,A+,B-,3,3,4,4,4,5,4,5,5,4,5,3,4,5,3,A-,A,A,A+,A+,A+,B,4,3,5,4,5,4,4,3,5,5,5,3,5,4,4,B+,A+,A,A-,A+,B,B-,1,3,4,2,4,1,5,5,2,3,1,4,1,2,1
6/20/2025 6:29:21,Yes,Male,5,,,,,,,,,,,,,,,,,,,,,,,,,,,,,,,,,,,,,,,,,,,C+,C,C,B-,A+,B-,C+,4,4,3,3,5,3,3,3,5,4,5,4,3,5,5,B-,B-,C,B-,A,C,C-,B-,5,4,2,5,3,3,1,4,3,2,5,2,1,2,3,C+,C,B-,A,A+,B+,A-,1,5,5,1,1,4,3,1,4,1,2,4,3,2,2,C,C+,C,C,C,B-,C,4,3,2,3,5,1,3,5,3,4,3,2,3,1,5
6/20/2025 11:42:48,Yes,Male,3,,,,,,,,,,,,,,,,,,,,,,,,,,,,,,,,,,,,,,,,,,,,,,,,,,,,,,,,,,,,,,,,,,,,,,,,,,,,,,,,,,,,,,,,A-,A+,A,A+,C-,A,C-,1,2,1,2,1,2,1,2,2,1,1,1,1,2,2,A,A,B+,B+,A,B,B,1,1,3,5,1,3,2,2,2,1,3,3,5,4,2
6/20/2025 13:05:09,Yes,Male,1,,,,,,,,,,,,,,,,,,,,,,,,,,,,,,,,,,,,,,,,,,,,,,,,,,,,,,,,,,,,,,,,,,,,,,,,,,,,,,,,,,,,,,,,,,,,,,,,,,,,,,,,,,,,,,,,,,,,,,,,,,,,,,,,,,,
6/20/2025 16:46:27,Yes,Male,2,,,,,,,,,,,,,,,,,,,,,,,,,,,,,,,,,,,,,,,,,,,,,,,,,,,,,,,,,,,,,,,,,,,,,,,,,,,,,,,,,,,,,,,,,,,,,,,,,,,,,,,,,,,,,,B-,C+,B-,C,B-,B,B-,3,4,3,4,5,3,3,3,4,3,3,5,4,3,3
6/21/2025 4:16:16,Yes,Male,3,,,,,,,,,,,,,,,,,,,,,,,,,,,,,,,,,,,,,,,,,,,,,,,,,,,,,,,,,,,,,,,,,,,,,,,,,,,,,,,,,,,,,,,,C+,C,C,C,B+,C,B,2,1,1,2,2,1,1,1,2,2,2,1,1,2,2,B+,A-,A-,A-,B+,A-,A+,2,4,3,3,3,1,1,2,4,2,4,1,2,1,3
6/22/2025 0:42:05,Yes,Female,4,,,,,,,,,,,,,,,,,,,,,,,,,,,,,,,,,,,,,,,,,,,,,,,,,,,,,,,,,,,,,,,,,A+,B+,A-,A,C-,A,D+,B,1,1,2,1,2,1,2,2,1,2,2,2,2,1,1,A+,B+,A+,A+,A-,C+,C-,3,4,5,1,4,3,2,1,1,3,2,4,5,1,2,A+,A+,A-,A-,B+,B+,C-,1,3,4,1,5,2,3,5,4,5,3,3,4,1,5
6/22/2025 0:55:33,Yes,Female,6,,,,,,,,,,,,,,,,,,,,,A-,B,B+,A,D+,B+,A,4,3,5,5,3,5,3,3,3,5,5,3,5,4,4,B,B+,A-,A-,D+,A-,D+,4,5,2,4,2,4,3,5,3,4,1,1,1,1,3,B,A-,A-,B,B-,A-,B,A-,5,5,1,1,2,4,2,2,2,1,2,2,4,4,2,B,A-,B,B-,C+,C+,C+,4,3,1,4,5,5,5,1,1,5,2,5,4,2,2,B+,A-,B+,B,B,A-,D+,2,1,3,5,4,2,1,4,5,3,2,3,4,4,5
6/22/2025 8:28:00,Yes,Male,3,,,,,,,,,,,,,,,,,,,,,,,,,,,,,,,,,,,,,,,,,,,,,,,,,,,,,,,,,,,,,,,,,,,,,,,,,,,,,,,,,,,,,,,,A,B+,A+,A-,C,A,B-,5,5,3,4,4,3,3,3,3,4,3,4,5,5,4,A-,B+,B+,A-,B+,A-,B-,5,4,2,2,4,3,5,3,1,3,5,5,1,3,2
6/22/2025 8:32:01,Yes,Female,3,,,,,,,,,,,,,,,,,,,,,,,,,,,,,,,,,,,,,,,,,,,,,,,,,,,,,,,,,,,,,,,,,,,,,,,,,,,,,,,,,,,,,,,,A+,A+,A,A+,D+,B+,C+,1,2,1,1,1,2,2,1,2,1,1,1,2,2,2,A-,B,B,A-,A-,C,B-,4,2,1,2,4,1,3,4,4,3,1,2,1,5,1
6/22/2025 11:31:14,Yes,Male,7,B+,A+,D+,B+,A,2,1,1,2,1,2,2,2,2,1,2,2,2,2,1,B+,A-,A-,A,D+,B+,D+,4,3,4,3,1,2,5,1,5,1,5,5,2,1,3,A,A,A+,A+,C,A-,A,5,4,1,3,2,2,3,3,5,5,1,3,3,4,4,B+,A,B+,B+,B+,A-,D+,A,3,5,1,5,4,3,4,2,1,1,1,4,1,1,2,A-,B+,B+,C+,B+,B,B-,2,1,4,1,5,1,2,5,1,5,4,4,3,1,2,A,A,B+,A,A+,C+,D+,3,3,1,3,1,4,2,2,4,2,3,4,4,2,4
6/22/2025 16:23:58,Yes,Female,1,,,,,,,,,,,,,,,,,,,,,,,,,,,,,,,,,,,,,,,,,,,,,,,,,,,,,,,,,,,,,,,,,,,,,,,,,,,,,,,,,,,,,,,,,,,,,,,,,,,,,,,,,,,,,,,,,,,,,,,,,,,,,,,,,,,
6/22/2025 17:14:13,Yes,Male,3,,,,,,,,,,,,,,,,,,,,,,,,,,,,,,,,,,,,,,,,,,,,,,,,,,,,,,,,,,,,,,,,,,,,,,,,,,,,,,,,,,,,,,,,B+,A-,B+,B,B+,B+,A+,1,1,1,1,1,2,2,2,1,1,1,2,1,2,1,B,B+,A-,A-,B,D+,B+,5,2,2,2,4,5,3,2,2,4,1,1,1,2,1
6/22/2025 17:38:09,Yes,Male,1,,,,,,,,,,,,,,,,,,,,,,,,,,,,,,,,,,,,,,,,,,,,,,,,,,,,,,,,,,,,,,,,,,,,,,,,,,,,,,,,,,,,,,,,,,,,,,,,,,,,,,,,,,,,,,,,,,,,,,,,,,,,,,,,,,,
6/23/2025 3:05:15,Yes,Female,4,,,,,,,,,,,,,,,,,,,,,,,,,,,,,,,,,,,,,,,,,,,,,,,,,,,,,,,,,,,,,,,,,C+,C+,C,C,C+,B-,B+,A-,4,5,3,4,3,5,4,4,4,5,4,4,3,3,3,B-,C+,B-,C+,B,C-,B+,1,5,3,5,5,5,1,1,1,1,2,4,4,5,4,C,C+,B-,C,C+,B-,B+,4,1,4,2,2,2,1,3,2,5,3,5,4,5,3
6/23/2025 4:20:59,Yes,Female,2,,,,,,,,,,,,,,,,,,,,,,,,,,,,,,,,,,,,,,,,,,,,,,,,,,,,,,,,,,,,,,,,,,,,,,,,,,,,,,,,,,,,,,,,,,,,,,,,,,,,,,,,,,,,,,A,A-,A+,A-,A-,B,B,2,2,2,1,2,2,2,1,2,2,2,1,2,2,1
6/23/2025 22:48:24,Yes,Male,7,B+,B-,A-,B,B,1,2,3,2,2,1,2,2,1,1,1,1,2,2,1,B-,C+,C+,C,B+,B-,C,5,3,3,4,5,5,3,5,3,3,2,5,3,4,2,B-,B-,C,C,C-,B-,C+,5,4,4,5,4,1,4,4,3,3,2,1,5,1,3,B-,B-,C+,B-,C-,C+,C-,A+,5,4,3,4,2,3,3,2,2,3,1,4,5,3,4,C+,C+,B-,D+,C+,A+,D+,2,2,3,5,1,1,4,2,1,4,1,5,3,2,5,B-,B-,C+,C,B-,B,B-,1,2,3,1,1,4,4,3,2,5,2,4,1,2,3
6/24/2025 4:49:04,Yes,Female,6,,,,,,,,,,,,,,,,,,,,,B,B,B+,A-,A+,B+,B-,4,4,4,4,3,3,3,3,4,4,5,5,5,5,4,A-,B+,B,A-,C,A-,C+,5,5,3,2,2,4,3,3,3,3,3,4,4,2,5,A-,B+,B+,B+,A-,B,B,B,1,1,1,4,1,3,3,5,1,4,3,1,3,5,4,A-,B+,B+,D+,A,C+,C+,2,4,5,3,2,1,3,2,2,4,4,5,4,5,3,B,B,B+,B,B+,A,B+,4,4,3,1,2,2,1,4,5,4,4,5,5,2,2
6/24/2025 12:32:30,Yes,Female,6,,,,,,,,,,,,,,,,,,,,,B+,A-,B,A,C+,B+,D+,1,1,1,2,2,2,2,1,1,1,1,2,1,1,1,B,A-,B,B,A,B,C-,3,1,1,5,5,4,4,2,1,3,3,3,4,1,4,B,B,B,B,A-,A-,B,A,5,1,2,3,2,3,2,2,5,1,1,5,4,2,1,B+,B,B,C-,A-,B+,B-,4,2,4,1,3,3,5,2,4,5,4,2,1,3,3,B,A-,B+,B,B,C+,A+,1,5,1,3,4,4,2,3,4,4,1,4,2,3,5
6/24/2025 19:25:23,Yes,Female,2,,,,,,,,,,,,,,,,,,,,,,,,,,,,,,,,,,,,,,,,,,,,,,,,,,,,,,,,,,,,,,,,,,,,,,,,,,,,,,,,,,,,,,,,,,,,,,,,,,,,,,,,,,,,,,A,A+,B+,B+,A+,A-,A,2,1,1,1,1,2,2,2,2,2,2,2,1,1,1
6/24/2025 20:27:02,Yes,Female,2,,,,,,,,,,,,,,,,,,,,,,,,,,,,,,,,,,,,,,,,,,,,,,,,,,,,,,,,,,,,,,,,,,,,,,,,,,,,,,,,,,,,,,,,,,,,,,,,,,,,,,,,,,,,,,A,A-,A+,B+,B+,C,C-,1,1,1,1,2,1,2,2,1,1,2,2,2,2,1
6/24/2025 21:43:46,Yes,Female,6,,,,,,,,,,,,,,,,,,,,,A,B+,B+,A+,A+,A-,C-,5,3,4,4,5,4,4,3,3,3,5,3,3,5,3,B+,A+,A,A+,A-,B+,C,5,1,2,5,2,1,1,2,1,1,4,4,3,2,3,A+,A,B+,A,B+,A,B-,B-,5,4,4,5,5,2,3,4,5,2,3,2,1,3,3,A+,A+,A+,B+,D+,A+,D+,5,4,5,1,1,1,3,1,2,4,3,5,5,5,4,A,A,A+,A-,A,B+,B+,5,3,2,5,1,5,5,5,1,3,5,1,1,4,2
6/25/2025 3:21:11,Yes,Male,1,,,,,,,,,,,,,,,,,,,,,,,,,,,,,,,,,,,,,,,,,,,,,,,,,,,,,,,,,,,,,,,,,,,,,,,,,,,,,,,,,,,,,,,,,,,,,,,,,,,,,,,,,,,,,,,,,,,,,,,,,,,,,,,,,,,
6/25/2025 9:03:10,Yes,Male,6,,,,,,,,,,,,,,,,,,,,,A-,A,A-,C,C-,A,C+,4,3,3,4,4,3,5,4,4,3,3,3,5,5,5,A,A+,A,A+,D+,A,B-,5,1,1,1,2,2,2,1,3,5,5,2,3,4,2,B+,A-,A,B+,C-,A+,C,B-,5,2,2,4,1,3,3,5,5,3,4,4,1,5,2,A,B+,A-,A-,A+,D+,B-,3,4,1,5,4,4,4,3,1,2,3,4,5,3,5,A+,A+,A,B+,A,B+,C,5,4,3,4,1,4,5,5,4,1,2,5,4,2,1
6/25/2025 16:44:29,Yes,Female,3,,,,,,,,,,,,,,,,,,,,,,,,,,,,,,,,,,,,,,,,,,,,,,,,,,,,,,,,,,,,,,,,,,,,,,,,,,,,,,,,,,,,,,,,B+,A-,B+,B,A,A-,A,2,1,2,1,1,2,1,2,2,1,1,2,1,1,2,A-,A,B+,A,A,D+,B,2,2,1,5,5,3,3,1,4,1,5,1,2,2,1
6/26/2025 3:23:17,Yes,Female,6,,,,,,,,,,,,,,,,,,,,,A,B+,A,B+,B,A,B+,2,1,1,1,2,2,2,2,2,2,1,1,1,2,2,A,A-,A-,A,C+,A,B+,2,1,5,1,4,1,3,1,1,5,2,2,2,1,5,A-,B+,A+,A+,B-,B+,A+,B+,4,5,3,1,1,5,3,2,5,3,1,2,1,1,5,B+,A+,A,C,C-,A,C+,5,5,3,5,4,4,3,4,5,1,5,5,2,2,1,B+,B+,A-,A,B+,A-,C,2,1,2,4,5,1,3,4,2,5,3,1,2,3,3
6/26/2025 5:29:06,Yes,Female,1,,,,,,,,,,,,,,,,,,,,,,,,,,,,,,,,,,,,,,,,,,,,,,,,,,,,,,,,,,,,,,,,,,,,,,,,,,,,,,,,,,,,,,,,,,,,,,,,,,,,,,,,,,,,,,,,,,,,,,,,,,,,,,,,,,,
6/26/2025 12:58:57,Yes,Male,1,,,,,,,,,,,,,,,,,,,,,,,,,,,,,,,,,,,,,,,,,,,,,,,,,,,,,,,,,,,,,,,,,,,,,,,,,,,,,,,,,,,,,,,,,,,,,,,,,,,,,,,,,,,,,,,,,,,,,,,,,,,,,,,,,,,
6/26/2025 22:30:26,Yes,Female,6,,,,,,,,,,,,,,,,,,,,,A,A+,A-,A+,D+,B+,D+,1,1,1,1,2,1,1,1,2,1,2,1,2,2,2,B+,A-,A+,A+,A,B+,A-,5,1,2,3,3,3,2,2,1,1,2,4,1,1,2,A+,B+,A+,A-,A,A,D+,D+,2,4,4,3,1,2,4,1,3,2,3,1,1,1,4,A+,A+,A,C+,C-,A-,A-,2,1,3,5,4,5,5,3,3,2,1,4,5,3,4,A-,A+,A+,A-,B+,A+,D+,4,5,5,2,1,1,4,5,4,5,1,5,4,5,5
6/27/2025 2:08:00,Yes,Female,6,,,,,,,,,,,,,,,,,,,,,A,A-,A-,A,C,A+,A,1,2,2,1,1,2,1,1,1,1,1,1,1,2,1,A+,A+,A,A-,C,A,C+,2,2,1,5,3,1,4,1,4,2,5,1,2,3,4,A-,A,A,A-,A,A,C,B-,4,2,3,4,4,4,4,1,4,1,4,5,2,5,5,A,A-,A,A+,B+,C-,A-,1,5,3,4,2,5,5,1,4,3,2,1,2,3,1,B+,B+,A,A,A+,A+,A,4,2,5,3,3,3,4,4,3,2,4,2,4,2,4
6/27/2025 2:16:37,Yes,Female,6,,,,,,,,,,,,,,,,,,,,,B+,A-,B+,B-,A-,B,B,1,2,1,2,2,1,2,2,1,1,1,1,2,2,1,B,B+,A-,B,B-,A-,C,1,4,3,1,3,5,2,1,3,2,5,2,5,3,3,A-,A-,A-,B,A+,B,B,B,5,2,5,3,3,2,5,4,3,5,3,3,1,5,2,B+,B+,B+,A,A,C+,D+,1,4,2,1,5,1,4,5,1,4,1,1,4,3,3,B+,B,B,A-,B,A+,C-,1,4,1,3,2,5,2,3,1,1,3,4,2,2,5
6/27/2025 5:37:07,Yes,Female,2,,,,,,,,,,,,,,,,,,,,,,,,,,,,,,,,,,,,,,,,,,,,,,,,,,,,,,,,,,,,,,,,,,,,,,,,,,,,,,,,,,,,,,,,,,,,,,,,,,,,,,,,,,,,,,B+,B+,B,B+,A-,C,B,5,5,5,3,5,4,3,5,4,3,5,3,4,3,3
6/27/2025 9:38:06,Yes,Female,6,,,,,,,,,,,,,,,,,,,,,A-,A-,B+,C-,C+,B+,A,5,4,3,3,4,5,4,3,4,4,5,5,5,5,4,B,B,B,B,B,B,A-,1,5,1,1,4,4,4,3,2,1,4,4,2,2,5,B+,B+,B+,B+,A-,A-,C+,B,1,2,3,1,5,3,1,1,4,3,2,2,1,2,3,B,A-,A-,D+,B-,B,A+,4,2,3,2,1,4,3,3,4,2,3,3,1,3,1,B+,A-,B+,B+,A-,A+,C,4,2,4,5,3,3,1,4,3,1,5,2,1,3,5
6/27/2025 15:15:34,Yes,Male,6,,,,,,,,,,,,,,,,,,,,,B+,A+,A,D+,C,A,C-,5,5,4,3,4,3,3,5,5,3,5,4,4,4,3,B+,A-,A-,A-,B-,B+,C+,2,2,3,5,5,3,5,3,5,3,3,4,2,3,3,A+,A,B+,B+,C,B+,B-,A,2,3,4,2,3,1,5,3,4,3,2,1,2,4,3,A+,A+,B+,A-,D+,C+,C+,1,1,1,1,3,2,4,1,1,3,1,1,3,4,1,A-,A,A-,A-,B+,A+,B,2,1,1,5,2,5,2,3,3,2,4,3,5,1,4
6/28/2025 23:38:30,Yes,Male,5,,,,,,,,,,,,,,,,,,,,,,,,,,,,,,,,,,,,,,,,,,,A-,A-,A,A+,A+,A+,C-,5,5,3,4,3,5,5,5,4,3,3,5,3,4,5,B+,A,B+,B+,D+,B+,C-,C-,4,4,1,4,1,2,3,4,5,4,4,5,5,4,1,A,B+,A-,B+,D+,C-,A+,1,5,2,5,2,3,5,1,1,3,5,2,1,3,5,A-,A,B+,A-,B+,C,B,2,2,4,4,4,2,5,2,4,2,4,4,5,3,3
6/29/2025 7:26:03,Yes,Female,6,,,,,,,,,,,,,,,,,,,,,A-,A-,A-,B,B-,B+,C-,2,2,2,1,2,2,1,2,1,1,2,2,1,1,1,A-,B+,A-,A-,A+,B+,D+,3,1,3,5,1,5,4,1,2,1,4,1,3,5,2,B,B+,B+,B+,B,A-,C-,D+,5,2,5,1,5,3,2,3,5,2,5,3,2,4,2,B+,B+,A-,A+,C-,A+,B+,1,2,5,2,3,3,5,2,4,5,4,3,5,3,3,B,A-,B+,A-,B,A,B,1,4,1,1,5,3,3,5,2,5,1,5,3,3,4
6/29/2025 8:44:59,Yes,Female,6,,,,,,,,,,,,,,,,,,,,,C+,C+,C+,C+,D+,C+,A,5,3,3,5,4,4,3,3,4,4,5,5,3,4,4,C+,B-,C+,C,A,B-,D+,4,2,1,1,4,2,1,5,3,3,4,3,5,2,1,C,B-,C+,B-,C,C+,C-,C+,1,1,1,1,3,2,1,3,1,2,2,1,3,4,4,C,B-,C,B-,B+,A,C-,5,4,4,5,5,4,1,4,4,4,2,4,2,4,1,C+,B-,B-,C,C,B+,C+,5,2,2,5,3,1,5,1,3,3,4,5,1,3,5
6/29/2025 14:20:36,Yes,Female,4,,,,,,,,,,,,,,,,,,,,,,,,,,,,,,,,,,,,,,,,,,,,,,,,,,,,,,,,,,,,,,,,,A,B+,A+,A-,D+,A+,C+,B,3,5,4,4,3,3,3,5,4,3,3,4,4,4,5,B+,A+,A+,A+,B-,C+,A-,5,3,1,2,4,3,5,4,2,2,1,3,2,2,5,B+,A+,B+,A+,A-,B+,A+,1,2,3,2,5,5,5,5,2,4,4,1,1,3,4
6/30/2025 16:39:00,Yes,Female,7,B-,A,A-,C,A,5,5,4,4,5,4,5,4,4,3,4,5,4,3,4,B+,B+,A+,B+,C+,A,C+,3,2,1,5,1,2,1,3,3,3,2,2,5,5,4,B+,B+,B+,A-,B,A+,A+,5,4,2,5,5,4,2,5,3,2,5,3,2,4,1,A,A-,A+,A,C+,A-,C,B-,1,2,1,2,1,5,4,5,3,3,4,4,4,1,2,A,A,A,A-,A+,A+,C+,1,3,3,1,4,2,2,1,3,4,5,1,2,1,3,A-,A-,A+,A,A,D+,C,2,4,2,4,1,2,5,3,3,2,2,1,4,2,2
6/30/2025 16:52:35,Yes,Female,2,,,,,,,,,,,,,,,,,,,,,,,,,,,,,,,,,,,,,,,,,,,,,,,,,,,,,,,,,,,,,,,,,,,,,,,,,,,,,,,,,,,,,,,,,,,,,,,,,,,,,,,,,,,,,,A-,B,B+,B+,A-,B-,B,2,1,1,2,2,2,2,1,2,2,2,2,1,1,1
6/30/2025 19:57:44,Yes,Male,4,,,,,,,,,,,,,,,,,,,,,,,,,,,,,,,,,,,,,,,,,,,,,,,,,,,,,,,,,,,,,,,,,A+,A+,B+,A-,A,A-,C,C,4,4,5,5,5,5,4,5,4,5,4,5,3,3,5,B+,A,A-,A+,B-,A,C-,2,4,1,4,3,3,1,1,3,4,4,2,1,5,3,A-,B+,B+,A+,B+,B+,C-,5,2,5,3,4,4,4,5,2,3,1,1,3,2,4
7/1/2025 4:26:23,Yes,Male,1,,,,,,,,,,,,,,,,,,,,,,,,,,,,,,,,,,,,,,,,,,,,,,,,,,,,,,,,,,,,,,,,,,,,,,,,,,,,,,,,,,,,,,,,,,,,,,,,,,,,,,,,,,,,,,,,,,,,,,,,,,,,,,,,,,,
7/1/2025 7:48:33,Yes,Male,5,,,,,,,,,,,,,,,,,,,,,,,,,,,,,,,,,,,,,,,,,,,B+,A-,B+,B,B+,B+,A+,1,1,1,1,1,2,2,2,1,1,1,2,1,2,1,A-,B,B+,B,C-,B,B-,A,5,4,1,5,4,1,2,5,2,2,4,4,5,4,2,B+,B+,A-,B-,C-,A,B+,4,3,2,1,1,5,2,2,3,3,5,2,4,4,1,B+,B,B,B,B,D+,A,5,2,1,5,5,4,4,5,3,3,1,3,2,2,3
7/1/2025 11:29:13,Yes,Female,1,,,,,,,,,,,,,,,,,,,,,,,,,,,,,,,,,,,,,,,,,,,,,,,,,,,,,,,,,,,,,,,,,,,,,,,,,,,,,,,,,,,,,,,,,,,,,,,,,,,,,,,,,,,,,,,,,,,,,,,,,,,,,,,,,,,
7/1/2025 14:48:28,Yes,Female,1,,,,,,,,,,,,,,,,,,,,,,,,,,,,,,,,,,,,,,,,,,,,,,,,,,,,,,,,,,,,,,,,,,,,,,,,,,,,,,,,,,,,,,,,,,,,,,,,,,,,,,,,,,,,,,,,,,,,,,,,,,,,,,,,,,,
7/1/2025 19:31:45,Yes,Female,1,,,,,,,,,,,,,,,,,,,,,,,,,,,,,,,,,,,,,,,,,,,,,,,,,,,,,,,,,,,,,,,,,,,,,,,,,,,,,,,,,,,,,,,,,,,,,,,,,,,,,,,,,,,,,,,,,,,,,,,,,,,,,,,,,,,
7/1/2025 19:38:55,Yes,Female,4,,,,,,,,,,,,,,,,,,,,,,,,,,,,,,,,,,,,,,,,,,,,,,,,,,,,,,,,,,,,,,,,,B-,C,B-,C,C,C,B+,A-,2,1,1,1,2,1,2,1,2,2,1,1,2,2,1,C,B-,B-,A,D+,A+,A-,1,3,5,2,1,3,2,5,1,2,4,5,2,5,3,B-,C,C,B-,C,B,B-,2,2,3,3,1,1,2,5,3,4,4,2,4,1,2
7/1/2025 21:41:23,Yes,Male,3,,,,,,,,,,,,,,,,,,,,,,,,,,,,,,,,,,,,,,,,,,,,,,,,,,,,,,,,,,,,,,,,,,,,,,,,,,,,,,,,,,,,,,,,B-,C,C,B-,C-,C+,B+,4,4,5,5,3,5,5,5,5,4,5,5,4,5,4,C,B-,C+,C,C+,B,A-,1,5,5,3,2,4,3,5,5,3,1,3,3,4,2
7/1/2025 23:19:01,Yes,Female,6,,,,,,,,,,,,,,,,,,,,,A-,A-,B+,C-,B-,A-,D+,2,1,2,1,2,2,2,1,2,2,1,1,1,2,1,B+,B,B,B,D+,A-,D+,1,3,3,1,2,1,2,5,1,1,2,5,5,4,2,B,B+,A-,A-,A,B+,B,A,4,4,4,1,5,1,4,5,2,4,1,3,4,3,4,B,B+,B,A+,B-,A+,B-,2,5,1,1,5,3,5,1,3,1,4,4,3,5,5,B+,B+,B,B+,B,C+,C,3,5,2,4,3,2,4,1,1,3,5,1,2,3,4
7/2/2025 12:16:29,Yes,Male,2,,,,,,,,,,,,,,,,,,,,,,,,,,,,,,,,,,,,,,,,,,,,,,,,,,,,,,,,,,,,,,,,,,,,,,,,,,,,,,,,,,,,,,,,,,,,,,,,,,,,,,,,,,,,,,B,B+,B,B+,A-,A,B-,2,2,2,1,1,2,2,1,1,2,2,2,2,1,1
7/2/2025 22:24:19,Yes,Female,6,,,,,,,,,,,,,,,,,,,,,A+,A+,A,C-,A,A+,D+,1,2,2,2,1,1,2,2,1,1,2,2,1,1,2,A+,A,A+,B+,A+,B+,C-,3,4,3,3,4,2,5,3,5,2,4,3,1,2,3,A,A+,B+,A+,A+,A,D+,A+,4,1,4,1,4,3,3,5,1,3,4,1,4,5,3,A,A+,A,A-,B+,C,C-,1,1,5,2,3,4,5,3,5,1,4,1,1,3,4,A+,B+,A,A-,B+,B-,B,2,3,1,1,5,4,2,5,5,1,2,5,2,5,1
7/3/2025 2:23:18,Yes,Male,5,,,,,,,,,,,,,,,,,,,,,,,,,,,,,,,,,,,,,,,,,,,A-,B,A-,A-,A,B,A,1,1,1,2,2,2,2,1,1,2,2,2,1,1,1,A-,A-,B+,B,C,B+,A-,C+,5,1,2,3,1,3,3,2,5,1,5,4,1,4,3,B,B+,A-,D+,A-,A-,C-,3,2,4,2,2,2,4,3,2,3,1,2,5,2,1,B,A-,B,B,B+,B+,A+,1,4,3,2,1,3,3,2,2,5,4,5,1,5,2
7/3/2025 12:37:28,Yes,Male,4,,,,,,,,,,,,,,,,,,,,,,,,,,,,,,,,,,,,,,,,,,,,,,,,,,,,,,,,,,,,,,,,,B-,B-,B-,C,D+,C+,A,B,3,3,4,5,4,3,4,5,4,5,4,3,3,4,4,C+,C+,C,C,A-,C-,B+,4,1,3,5,2,3,2,4,5,1,4,3,2,3,3,B-,B-,C,B-,B-,C-,B-,5,4,5,3,2,1,3,4,2,3,3,1,4,5,5
7/3/2025 14:15:24,Yes,Female,6,,,,,,,,,,,,,,,,,,,,,C,C+,C+,A-,C+,C,C+,5,3,5,5,3,4,5,5,3,3,3,5,3,3,5,B-,B-,C+,C,B-,C+,A-,2,2,5,4,2,3,4,5,3,4,4,5,5,3,5,B-,B-,B-,B-,B+,C+,B,A+,4,2,2,2,1,3,4,4,3,2,4,2,3,3,4,B-,C+,C+,B-,A+,B+,A-,3,5,2,1,4,2,1,1,3,1,4,4,3,3,3,B-,C+,B-,C,C+,C-,A+,1,4,4,4,1,5,3,4,5,2,1,5,3,3,5
7/3/2025 15:12:20,Yes,Female,1,,,,,,,,,,,,,,,,,,,,,,,,,,,,,,,,,,,,,,,,,,,,,,,,,,,,,,,,,,,,,,,,,,,,,,,,,,,,,,,,,,,,,,,,,,,,,,,,,,,,,,,,,,,,,,,,,,,,,,,,,,,,,,,,,,,
7/3/2025 16:03:33,Yes,Male,1,,,,,,,,,,,,,,,,,,,,,,,,,,,,,,,,,,,,,,,,,,,,,,,,,,,,,,,,,,,,,,,,,,,,,,,,,,,,,,,,,,,,,,,,,,,,,,,,,,,,,,,,,,,,,,,,,,,,,,,,,,,,,,,,,,,
7/3/2025 19:34:39,Yes,Male,3,,,,,,,,,,,,,,,,,,,,,,,,,,,,,,,,,,,,,,,,,,,,,,,,,,,,,,,,,,,,,,,,,,,,,,,,,,,,,,,,,,,,,,,,A,B+,A+,B+,B,A-,A,4,5,4,5,4,3,5,3,4,4,5,3,4,4,4,C,C+,B-,C,B-,B+,C,1,1,5,5,3,3,3,1,2,5,5,5,4,4,4
7/3/2025 22:06:31,Yes,Female,2,,,,,,,,,,,,,,,,,,,,,,,,,,,,,,,,,,,,,,,,,,,,,,,,,,,,,,,,,,,,,,,,,,,,,,,,,,,,,,,,,,,,,,,,,,,,,,,,,,,,,,,,,,,,,,A-,B+,A-,A-,A+,C-,C+,4,3,3,4,5,4,4,5,5,5,5,5,4,5,4
7/4/2025 0:37:24,Yes,Female,1,,,,,,,,,,,,,,,,,,,,,,,,,,,,,,,,,,,,,,,,,,,,,,,,,,,,,,,,,,,,,,,,,,,,,,,,,,,,,,,,,,,,,,,,,,,,,,,,,,,,,,,,,,,,,,,,,,,,,,,,,,,,,,,,,,,
7/4/2025 4:25:45,Yes,Female,6,,,,,,,,,,,,,,,,,,,,,C,C+,C,B,B-,C+,B-,1,1,1,2,1,2,1,1,1,1,2,2,2,1,2,C+,C,B-,B-,A-,C+,A,5,4,2,4,5,2,5,3,5,3,1,3,4,1,1,C,C,C+,C+,C+,B-,C-,C-,5,2,3,1,5,5,3,1,1,4,3,1,2,5,2,C,C,B-,B-,B-,B,C+,4,5,1,2,4,2,5,4,2,1,2,3,4,1,4,B-,C+,C+,B-,C+,C-,A-,3,5,3,3,1,3,3,5,1,5,4,5,4,4,1
7/4/2025 9:22:22,Yes,Female,1,,,,,,,,,,,,,,,,,,,,,,,,,,,,,,,,,,,,,,,,,,,,,,,,,,,,,,,,,,,,,,,,,,,,,,,,,,,,,,,,,,,,,,,,,,,,,,,,,,,,,,,,,,,,,,,,,,,,,,,,,,,,,,,,,,,
7/4/2025 20:38:43,Yes,Female,3,,,,,,,,,,,,,,,,,,,,,,,,,,,,,,,,,,,,,,,,,,,,,,,,,,,,,,,,,,,,,,,,,,,,,,,,,,,,,,,,,,,,,,,,C+,C+,C,B-,C-,C+,C+,2,1,1,2,2,1,1,1,2,2,2,2,1,2,1,C+,C,B-,C+,B-,B+,B-,4,3,3,3,4,2,1,4,2,4,1,2,2,1,3
7/5/2025 1:08:32,Yes,Female,6,,,,,,,,,,,,,,,,,,,,,A,A+,A,D+,A-,B+,B+,4,5,5,3,4,4,3,5,5,4,3,3,4,3,3,A,A+,A,A+,B-,A-,B-,5,1,3,1,5,5,2,2,2,2,4,1,1,2,4,A-,A-,B+,A+,A-,A-,B,B+,3,5,2,5,2,3,5,4,1,1,4,2,2,2,5,A+,A+,A,A-,B-,D+,B-,3,1,3,3,4,3,5,1,4,1,4,5,1,2,3,A+,B+,A-,B+,A,A+,C+,1,3,2,2,2,1,5,3,1,4,2,5,3,1,4
7/5/2025 10:18:28,Yes,Female,2,,,,,,,,,,,,,,,,,,,,,,,,,,,,,,,,,,,,,,,,,,,,,,,,,,,,,,,,,,,,,,,,,,,,,,,,,,,,,,,,,,,,,,,,,,,,,,,,,,,,,,,,,,,,,,A,A-,A,A-,A+,B-,C-,2,1,2,1,1,1,1,1,1,1,2,1,1,2,1
7/5/2025 21:52:11,Yes,Female,2,,,,,,,,,,,,,,,,,,,,,,,,,,,,,,,,,,,,,,,,,,,,,,,,,,,,,,,,,,,,,,,,,,,,,,,,,,,,,,,,,,,,,,,,,,,,,,,,,,,,,,,,,,,,,,A+,A-,A-,B+,A,B-,B,5,3,5,5,4,5,5,5,5,3,4,3,5,3,3
7/6/2025 2:42:18,Yes,Female,6,,,,,,,,,,,,,,,,,,,,,C,C+,C,C-,C,C+,D+,1,1,2,1,2,1,2,2,2,1,1,2,1,1,2,C,C+,C,C,C+,C+,B-,1,2,1,1,2,1,3,4,2,2,2,3,2,4,5,C+,B-,C+,B-,B,C+,D+,D+,2,5,1,2,3,2,4,2,4,5,4,4,1,5,3,B-,B-,C,C-,B+,A-,A+,4,3,3,4,3,3,2,1,1,1,2,4,1,5,3,C+,B-,C+,C+,C,C,B,5,4,3,4,3,3,5,3,3,3,1,1,1,1,3
7/6/2025 9:07:19,Yes,Female,3,,,,,,,,,,,,,,,,,,,,,,,,,,,,,,,,,,,,,,,,,,,,,,,,,,,,,,,,,,,,,,,,,,,,,,,,,,,,,,,,,,,,,,,,B,B+,B,A-,B,A-,C+,3,3,3,3,4,3,4,4,4,4,3,4,3,3,4,B,B+,B,B,B+,C-,B-,5,2,5,3,5,4,4,2,1,1,2,3,3,4,4
7/6/2025 12:15:09,Yes,Male,5,,,,,,,,,,,,,,,,,,,,,,,,,,,,,,,,,,,,,,,,,,,B-,B-,B-,C+,B,B-,C-,5,4,4,5,3,5,5,5,5,3,3,4,5,5,3,C,B-,B-,B-,A+,C,D+,A-,1,2,2,4,1,3,1,5,3,4,5,1,3,1,5,B-,B-,B-,C,B-,C-,C-,2,4,4,1,4,3,4,4,2,1,1,4,4,1,5,C+,B-,C+,C,C,C+,B,1,1,3,4,5,5,4,5,4,3,1,1,3,5,1
7/6/2025 17:15:35,Yes,Female,6,,,,,,,,,,,,,,,,,,,,,C+,B-,C+,B-,A,C,B+,2,2,2,2,1,1,2,1,1,2,1,2,2,2,2,C,C+,C+,B-,B-,C+,B-,3,2,5,3,4,3,1,4,2,3,2,2,4,2,2,C,B-,C+,B-,A+,C+,D+,B-,1,1,4,5,1,5,5,2,3,3,3,1,5,4,5,C,C+,B-,D+,B,C-,C-,3,2,3,2,4,3,5,1,1,3,4,4,1,2,3,C+,C+,B-,C,B-,D+,B+,5,2,3,2,3,1,4,5,2,1,3,3,2,2,3
7/6/2025 21:16:39,Yes,Female,1,,,,,,,,,,,,,,,,,,,,,,,,,,,,,,,,,,,,,,,,,,,,,,,,,,,,,,,,,,,,,,,,,,,,,,,,,,,,,,,,,,,,,,,,,,,,,,,,,,,,,,,,,,,,,,,,,,,,,,,,,,,,,,,,,,,
7/7/2025 9:13:40,Yes,Female,1,,,,,,,,,,,,,,,,,,,,,,,,,,,,,,,,,,,,,,,,,,,,,,,,,,,,,,,,,,,,,,,,,,,,,,,,,,,,,,,,,,,,,,,,,,,,,,,,,,,,,,,,,,,,,,,,,,,,,,,,,,,,,,,,,,,
7/7/2025 11:32:13,Yes,Male,1,,,,,,,,,,,,,,,,,,,,,,,,,,,,,,,,,,,,,,,,,,,,,,,,,,,,,,,,,,,,,,,,,,,,,,,,,,,,,,,,,,,,,,,,,,,,,,,,,,,,,,,,,,,,,,,,,,,,,,,,,,,,,,,,,,,
7/7/2025 14:12:19,Yes,Male,3,,,,,,,,,,,,,,,,,,,,,,,,,,,,,,,,,,,,,,,,,,,,,,,,,,,,,,,,,,,,,,,,,,,,,,,,,,,,,,,,,,,,,,,,C,C+,C,C+,A+,B-,B,4,4,3,5,4,4,3,3,5,4,5,4,5,3,4,B+,B+,B+,A-,B,D+,C-,1,4,5,1,5,2,5,5,3,1,3,2,2,1,4
7/7/2025 22:36:22,Yes,Male,2,,,,,,,,,,,,,,,,,,,,,,,,,,,,,,,,,,,,,,,,,,,,,,,,,,,,,,,,,,,,,,,,,,,,,,,,,,,,,,,,,,,,,,,,,,,,,,,,,,,,,,,,,,,,,,B-,C+,C,C,B-,A+,B,3,5,3,5,4,5,3,3,3,4,5,3,4,3,4
7/8/2025 0:58:24,Yes,Female,5,,,,,,,,,,,,,,,,,,,,,,,,,,,,,,,,,,,,,,,,,,,B-,C,C,B-,C-,C+,B+,4,4,5,5,3,5,5,5,5,4,5,5,4,5,4,C+,B-,B-,B-,C,C+,A,B,2,5,3,2,5,3,3,4,4,4,1,3,5,2,5,B-,C,C+,B+,B-,A,D+,5,4,4,1,2,1,5,1,5,4,1,2,5,3,3,B-,C+,C+,B-,C+,B,C-,4,5,2,2,1,3,4,4,2,5,5,3,4,5,1
7/9/2025 5:03:25,Yes,Female,2,,,,,,,,,,,,,,,,,,,,,,,,,,,,,,,,,,,,,,,,,,,,,,,,,,,,,,,,,,,,,,,,,,,,,,,,,,,,,,,,,,,,,,,,,,,,,,,,,,,,,,,,,,,,,,B+,B+,A-,B,B+,B+,B-,1,2,2,1,1,2,2,2,2,2,1,2,1,2,1
7/9/2025 14:10:25,Yes,Female,3,,,,,,,,,,,,,,,,,,,,,,,,,,,,,,,,,,,,,,,,,,,,,,,,,,,,,,,,,,,,,,,,,,,,,,,,,,,,,,,,,,,,,,,,C,B-,C,B-,C-,C,B,1,2,1,2,2,1,2,2,1,1,1,1,2,1,2,C,B-,B-,C+,C,B+,D+,4,3,5,4,3,5,1,3,2,5,2,5,1,3,2
7/9/2025 22:17:31,Yes,Female,3,,,,,,,,,,,,,,,,,,,,,,,,,,,,,,,,,,,,,,,,,,,,,,,,,,,,,,,,,,,,,,,,,,,,,,,,,,,,,,,,,,,,,,,,B+,B+,A-,A-,A-,A,A,2,2,2,2,2,1,2,1,2,2,1,1,1,1,1,A-,B+,A-,A+,A-,B-,C+,1,4,1,2,5,4,4,3,1,3,3,1,1,2,4
7/10/2025 5:00:27,Yes,Female,7,C,B+,C+,C,B+,3,4,3,4,4,3,5,5,5,4,4,4,3,5,3,A-,A-,B+,B+,B+,B+,C+,5,4,1,3,3,1,3,4,3,3,4,4,5,3,3,B+,A-,A-,A-,B-,A-,B+,2,5,5,3,3,4,2,5,4,5,3,2,4,3,1,B,B+,B+,B+,B+,A-,C+,C+,4,1,2,4,2,5,2,3,1,4,2,1,4,2,1,A-,A-,B,A,B-,C-,C-,4,4,1,4,5,3,4,5,2,3,4,3,2,5,2,B+,A-,A-,A-,B+,C,A-,4,1,1,2,1,3,4,2,2,1,2,2,3,5,3
7/10/2025 6:45:30,Yes,Female,6,,,,,,,,,,,,,,,,,,,,,A,A-,B+,A,C-,A,C,3,4,3,4,4,5,5,5,4,4,5,4,5,5,4,A-,A-,A-,B+,B-,B+,A+,5,5,1,1,5,1,2,2,5,4,1,2,3,3,4,A-,A-,A,A+,C+,B+,D+,C,1,1,5,5,1,3,5,4,2,1,1,3,1,2,2,A,B+,A,B+,C-,C,B-,3,5,5,2,1,2,2,1,4,5,5,3,5,5,1,A+,A+,A+,A-,A+,C+,B,3,2,4,1,5,1,3,3,3,1,5,5,2,3,4
7/10/2025 20:39:29,Yes,Female,5,,,,,,,,,,,,,,,,,,,,,,,,,,,,,,,,,,,,,,,,,,,B,A-,B+,B,A-,B,C-,1,2,2,2,2,2,1,2,2,1,1,2,1,2,2,B,A-,B,B,A+,A-,A+,B+,3,1,2,2,1,4,2,3,1,5,4,3,2,4,4,B,B,A-,A,B+,C,D+,2,1,3,4,4,3,4,1,5,2,5,3,1,4,4,A-,B+,A-,B+,A-,D+,A+,2,3,1,5,3,1,4,5,1,1,2,1,5,4,2
7/10/2025 22:47:07,Yes,Male,1,,,,,,,,,,,,,,,,,,,,,,,,,,,,,,,,,,,,,,,,,,,,,,,,,,,,,,,,,,,,,,,,,,,,,,,,,,,,,,,,,,,,,,,,,,,,,,,,,,,,,,,,,,,,,,,,,,,,,,,,,,,,,,,,,,,
7/11/2025 0:44:28,Yes,Female,5,,,,,,,,,,,,,,,,,,,,,,,,,,,,,,,,,,,,,,,,,,,A,B+,A+,B+,B,A-,A,4,5,4,5,4,3,5,3,4,4,5,3,4,4,4,B+,B+,A-,A-,C+,A-,C,C-,2,5,5,2,5,4,2,2,1,1,2,4,1,3,1,A+,A,A,C-,C+,B-,A,1,4,1,5,5,1,4,4,1,4,2,5,5,3,4,B+,A-,A-,A,A,A+,C-,1,2,1,3,3,2,3,4,3,1,4,2,3,4,5
7/11/2025 1:05:19,Yes,Male,3,,,,,,,,,,,,,,,,,,,,,,,,,,,,,,,,,,,,,,,,,,,,,,,,,,,,,,,,,,,,,,,,,,,,,,,,,,,,,,,,,,,,,,,,B-,C+,C,B-,D+,C,A+,1,2,1,2,2,2,1,2,2,2,1,2,1,2,1,C+,C,C+,C+,C+,C-,B+,5,1,5,4,3,5,1,5,4,3,5,4,3,3,2
7/11/2025 2:05:17,Yes,Female,6,,,,,,,,,,,,,,,,,,,,,C+,C,B-,C+,B,C,B-,1,1,1,1,2,1,2,2,1,1,1,2,2,1,2,C,C+,C+,C,D+,C,D+,1,1,3,2,1,1,4,5,2,4,3,3,2,1,3,C+,B-,C,C+,D+,C+,C,C-,3,3,3,5,5,1,3,4,5,2,3,2,4,5,5,C+,C,C+,B-,A,A,A,1,5,3,4,4,1,4,3,1,4,3,4,4,3,3,C,B-,C+,B-,C+,A-,C-,1,3,4,5,3,4,5,1,5,1,4,4,2,3,1
7/11/2025 3:15:13,Yes,Female,1,,,,,,,,,,,,,,,,,,,,,,,,,,,,,,,,,,,,,,,,,,,,,,,,,,,,,,,,,,,,,,,,,,,,,,,,,,,,,,,,,,,,,,,,,,,,,,,,,,,,,,,,,,,,,,,,,,,,,,,,,,,,,,,,,,,
7/11/2025 8:09:03,Yes,Male,5,,,,,,,,,,,,,,,,,,,,,,,,,,,,,,,,,,,,,,,,,,,B+,A+,B+,A+,B,A,A-,4,5,4,4,5,5,4,5,4,4,3,5,4,5,3,B+,A-,A,A+,D+,A,B,B+,3,5,5,4,1,3,1,4,5,2,4,1,2,1,3,B+,A,A+,C+,B+,B+,A-,5,3,1,5,1,4,3,4,2,1,3,1,3,5,3,B+,B+,A-,A+,A-,B-,B-,3,4,2,5,3,3,4,5,2,4,2,4,5,5,1
7/11/2025 11:53:13,Yes,Male,2,,,,,,,,,,,,,,,,,,,,,,,,,,,,,,,,,,,,,,,,,,,,,,,,,,,,,,,,,,,,,,,,,,,,,,,,,,,,,,,,,,,,,,,,,,,,,,,,,,,,,,,,,,,,,,B-,B-,C+,C,C+,B-,B-,3,4,4,3,4,4,4,4,4,4,4,5,5,3,5
7/11/2025 15:51:18,Yes,Female,5,,,,,,,,,,,,,,,,,,,,,,,,,,,,,,,,,,,,,,,,,,,A,B+,A+,A-,C,A,B-,5,5,3,4,4,3,3,3,3,4,3,4,5,5,4,A+,A-,A+,A-,A,B+,B-,B+,1,2,1,5,1,2,5,1,3,5,2,1,4,4,4,A,B+,A,C-,B+,A+,D+,1,2,4,1,3,4,5,5,5,2,1,4,1,2,5,A,B+,A+,A,A-,A,A-,4,3,4,4,5,4,1,4,5,1,1,5,1,3,1
7/11/2025 21:00:16,Yes,Male,7,A+,B-,B+,B+,D+,1,1,2,1,2,2,2,3,1,1,2,2,2,1,1,A-,A+,A,A-,B+,A,C,5,3,2,4,1,1,3,1,2,2,4,3,5,4,4,B+,B+,A,A-,B-,B+,A,4,5,4,3,3,3,3,5,1,3,2,3,3,3,3,A-,B+,B+,B+,C-,A+,A-,C-,5,4,1,2,2,2,3,3,4,2,1,2,4,5,3,A,A,A,A-,B-,B-,B,2,1,2,5,4,3,1,3,4,5,4,5,3,4,3,B+,B+,A+,A+,A+,B+,B-,4,3,4,1,2,5,3,1,2,5,2,3,3,2,4
7/11/2025 22:33:18,Yes,Male,2,,,,,,,,,,,,,,,,,,,,,,,,,,,,,,,,,,,,,,,,,,,,,,,,,,,,,,,,,,,,,,,,,,,,,,,,,,,,,,,,,,,,,,,,,,,,,,,,,,,,,,,,,,,,,,A-,A-,B+,B+,B,C-,C-,1,1,2,2,2,1,1,2,2,1,1,1,1,1,2
7/12/2025 6:30:19,Yes,Female,6,,,,,,,,,,,,,,,,,,,,,B,B+,B+,B,A-,A-,B,1,2,1,1,1,1,2,1,1,1,1,2,2,1,1,B,B,B,A-,B,B+,D+,2,1,2,4,4,4,3,2,3,3,5,2,3,3,3,A-,B+,B+,A-,D+,B,A,B-,1,4,2,3,3,5,3,2,5,2,1,3,4,4,1,A-,B+,B+,C+,A-,C-,B+,4,2,3,1,3,1,2,4,4,5,4,5,1,3,5,B,B,B,B+,A-,A-,B,5,4,2,1,1,5,1,4,4,1,3,5,4,3,1
7/12/2025 8:59:33,Yes,Male,4,,,,,,,,,,,,,,,,,,,,,,,,,,,,,,,,,,,,,,,,,,,,,,,,,,,,,,,,,,,,,,,,,B-,B-,C+,B-,B-,C+,A-,A-,4,5,5,3,5,4,4,4,3,5,4,4,5,5,3,C,B-,C,B,A-,B-,D+,3,3,4,1,3,5,4,2,3,1,4,2,4,2,3,C,C+,C,C+,C+,C,D+,1,4,4,3,4,5,4,2,5,5,5,5,3,4,4
7/13/2025 2:00:57,Yes,Female,6,,,,,,,,,,,,,,,,,,,,,B,A-,B+,B,B+,B+,B-,5,3,3,5,3,5,5,4,3,3,4,4,3,3,3,B+,B,B,A-,C,A-,A+,1,3,1,4,4,1,4,5,4,2,3,3,3,1,2,B+,B+,A-,B+,B,A-,A-,D+,4,5,5,3,3,2,4,3,1,3,3,5,3,3,2,B,B,B+,B,C,C+,B,2,5,5,3,1,5,2,5,3,2,2,2,4,5,3,A-,B,B,B+,B,D+,A-,2,1,1,1,3,5,1,5,3,2,5,4,5,4,1
7/13/2025 5:53:45,Yes,Female,6,,,,,,,,,,,,,,,,,,,,,C,C+,C,C-,B,C,D+,2,2,1,2,2,1,1,2,2,2,2,1,2,1,2,B-,C,C,B-,C-,B-,A,4,1,1,4,4,3,5,1,5,5,2,2,3,4,5,B-,B-,C,C+,B+,B-,D+,D+,4,4,3,5,1,1,5,4,3,2,1,1,4,5,4,C,B-,C,A,C,B+,B-,1,2,1,5,1,3,1,1,3,3,1,1,4,4,5,B-,C+,B-,B-,C+,A,C,5,2,5,3,5,5,2,2,5,1,3,4,3,5,1
7/13/2025 23:32:50,Yes,Male,2,,,,,,,,,,,,,,,,,,,,,,,,,,,,,,,,,,,,,,,,,,,,,,,,,,,,,,,,,,,,,,,,,,,,,,,,,,,,,,,,,,,,,,,,,,,,,,,,,,,,,,,,,,,,,,B+,B+,B,B,B,B,B,3,4,4,5,4,4,5,5,4,5,5,3,3,5,5
7/13/2025 23:54:20,Yes,Male,4,,,,,,,,,,,,,,,,,,,,,,,,,,,,,,,,,,,,,,,,,,,,,,,,,,,,,,,,,,,,,,,,,B,B,A-,B+,B,A-,A-,C-,1,2,1,2,1,2,2,1,2,2,1,1,2,1,1,A-,B,B+,A+,C+,A+,B,4,2,2,2,1,5,2,3,2,5,4,1,4,1,4,A-,B+,B,B+,A-,A+,B,4,3,3,1,2,3,3,4,3,4,3,1,1,2,4
7/14/2025 3:11:59,Yes,Female,4,,,,,,,,,,,,,,,,,,,,,,,,,,,,,,,,,,,,,,,,,,,,,,,,,,,,,,,,,,,,,,,,,B-,B-,C,C,B-,C,C+,A,1,1,2,2,2,1,1,1,1,2,1,1,1,1,2,B-,B-,C+,B,A,B+,A,3,3,2,2,3,4,4,5,5,5,3,1,1,4,4,C,C,C,C+,C,B-,A-,3,2,1,4,4,1,1,1,1,4,1,3,5,1,1
7/14/2025 4:48:20,Yes,Female,6,,,,,,,,,,,,,,,,,,,,,C,C+,C,B+,C,C+,C+,1,2,2,2,1,1,1,1,1,2,2,1,2,1,1,C,B-,C+,B-,C-,C+,B,4,5,2,2,5,4,5,2,2,2,2,2,4,3,5,C,B-,B-,B-,D+,B-,B+,D+,3,4,5,1,1,1,3,5,5,1,4,3,2,4,3,C+,B-,C+,C,C+,C+,A,3,2,4,4,5,4,5,2,2,1,4,1,4,2,1,C,B-,C+,C,C,C+,C+,1,4,2,2,5,1,3,3,4,5,5,5,3,1,1
7/14/2025 7:47:34,Yes,Female,6,,,,,,,,,,,,,,,,,,,,,B,B+,B,B,A-,A-,B,1,1,2,2,1,2,2,2,1,1,2,2,2,1,1,B,B,A-,B,D+,B,A+,4,1,2,5,3,2,1,3,5,5,5,1,1,4,5,B+,B+,B,A-,B-,B,A+,A+,5,5,2,1,4,2,4,3,4,2,4,5,2,4,3,A-,A-,B,A+,A+,B,C,3,5,2,4,2,5,5,4,1,1,5,1,2,1,5,A-,A-,A-,B+,B+,D+,A-,1,1,4,3,2,1,4,4,4,4,2,3,5,5,2
7/14/2025 10:27:42,Yes,Male,4,,,,,,,,,,,,,,,,,,,,,,,,,,,,,,,,,,,,,,,,,,,,,,,,,,,,,,,,,,,,,,,,,C,C+,C+,C+,B,C+,A,A,2,2,2,2,1,1,1,2,2,2,1,2,1,1,1,B-,C+,C,C-,B-,C,D+,1,3,3,1,3,1,3,2,5,2,3,5,5,1,4,B-,C,C,C,C,D+,C,4,4,2,1,1,4,1,4,5,4,4,2,4,5,2
7/14/2025 14:08:57,Yes,Female,2,,,,,,,,,,,,,,,,,,,,,,,,,,,,,,,,,,,,,,,,,,,,,,,,,,,,,,,,,,,,,,,,,,,,,,,,,,,,,,,,,,,,,,,,,,,,,,,,,,,,,,,,,,,,,,B,B,B+,B,A-,B,B,1,2,1,2,1,1,1,1,2,1,2,2,2,2,2
7/15/2025 9:21:40,Yes,Female,5,,,,,,,,,,,,,,,,,,,,,,,,,,,,,,,,,,,,,,,,,,,C+,C,C,C,B+,C,B,2,1,1,2,2,1,1,1,2,2,2,1,1,2,2,C,C,C+,C+,B,C+,B+,D+,5,1,1,1,4,4,5,4,3,5,1,1,5,5,3,C+,C+,C+,A,A+,C-,C+,4,1,5,3,3,3,4,4,4,3,3,2,1,3,3,C+,C,C+,B-,C,C,C-,4,1,4,3,2,2,2,1,1,3,3,3,2,2,1
7/15/2025 12:09:16,Yes,Female,2,,,,,,,,,,,,,,,,,,,,,,,,,,,,,,,,,,,,,,,,,,,,,,,,,,,,,,,,,,,,,,,,,,,,,,,,,,,,,,,,,,,,,,,,,,,,,,,,,,,,,,,,,,,,,,A-,B,A-,B,B,B,A+,2,2,2,1,2,2,2,2,2,2,2,2,1,2,1
7/16/2025 6:34:25,Yes,Female,4,,,,,,,,,,,,,,,,,,,,,,,,,,,,,,,,,,,,,,,,,,,,,,,,,,,,,,,,,,,,,,,,,B+,A-,A-,A,D+,A+,B-,A,2,2,2,2,2,2,1,1,1,2,1,2,2,2,2,A,A-,A,A-,C,B,B+,2,3,2,5,3,4,2,3,2,5,1,1,5,4,1,A-,B+,B+,A-,B+,A-,C+,4,5,1,4,2,5,3,4,1,1,5,3,2,1,1
7/16/2025 7:18:40,Yes,Male,3,,,,,,,,,,,,,,,,,,,,,,,,,,,,,,,,,,,,,,,,,,,,,,,,,,,,,,,,,,,,,,,,,,,,,,,,,,,,,,,,,,,,,,,,B-,B-,C,C,B-,B-,A+,2,2,1,2,2,1,2,2,2,2,2,1,2,2,2,B,B,B+,B,A-,A,B+,2,2,3,2,3,3,5,4,4,4,1,4,1,2,2
7/16/2025 23:36:33,Yes,Male,3,,,,,,,,,,,,,,,,,,,,,,,,,,,,,,,,,,,,,,,,,,,,,,,,,,,,,,,,,,,,,,,,,,,,,,,,,,,,,,,,,,,,,,,,A-,A+,B+,A,C+,A+,B-,2,2,1,1,2,2,1,1,1,2,1,2,2,2,1,C+,C+,C,C+,C+,B-,A+,4,2,2,2,3,5,4,3,2,2,3,4,3,5,5
7/17/2025 2:02:57,Yes,Female,6,,,,,,,,,,,,,,,,,,,,,A+,A-,A+,B+,B+,A-,C+,1,1,2,2,2,1,2,1,2,1,2,1,1,2,2,B+,A-,A+,B+,A-,A-,A-,1,1,4,4,5,1,1,5,4,4,5,1,1,2,5,A,A,A,B+,A,A,B,B+,4,1,1,2,5,5,2,1,3,3,3,5,5,5,4,A+,A-,A-,A-,B+,D+,A+,5,5,1,1,1,3,2,2,5,2,5,2,2,1,5,B+,A,A,A-,B+,A-,A,3,4,1,5,1,1,3,3,4,2,3,2,2,5,2
7/17/2025 19:28:06,Yes,Male,5,,,,,,,,,,,,,,,,,,,,,,,,,,,,,,,,,,,,,,,,,,,A,A-,A+,B+,B,A-,A-,3,5,3,5,4,3,3,5,5,5,4,4,5,3,5,A+,B+,B+,B+,A+,A+,B+,A-,4,3,2,5,3,2,2,3,3,2,3,4,4,2,5,B+,B+,B+,D+,A,D+,C+,1,4,4,2,2,1,2,3,1,3,1,3,5,2,5,B+,A,A,A,A+,D+,A,2,5,2,1,1,4,4,4,4,4,2,2,1,5,1
7/18/2025 2:17:08,Yes,Female,6,,,,,,,,,,,,,,,,,,,,,B-,C+,B-,C-,A-,C+,C,4,3,3,3,4,4,5,4,4,5,4,5,3,4,3,C+,C+,C,B-,D+,B-,A,3,5,2,5,4,4,5,3,3,2,3,1,4,5,3,C+,C+,C,B-,B,C+,B-,B,2,5,3,1,1,5,5,3,2,5,1,4,4,5,4,C+,C+,B-,A,B-,D+,D+,2,2,5,4,2,4,1,1,3,5,1,2,3,5,5,C+,B-,C,C+,C,C+,C-,3,1,5,2,3,4,5,5,5,3,3,2,3,2,3
7/18/2025 6:03:09,Yes,Male,1,,,,,,,,,,,,,,,,,,,,,,,,,,,,,,,,,,,,,,,,,,,,,,,,,,,,,,,,,,,,,,,,,,,,,,,,,,,,,,,,,,,,,,,,,,,,,,,,,,,,,,,,,,,,,,,,,,,,,,,,,,,,,,,,,,,
7/18/2025 13:04:57,Yes,Female,2,,,,,,,,,,,,,,,,,,,,,,,,,,,,,,,,,,,,,,,,,,,,,,,,,,,,,,,,,,,,,,,,,,,,,,,,,,,,,,,,,,,,,,,,,,,,,,,,,,,,,,,,,,,,,,A-,A+,A-,A-,A,A-,B+,4,3,5,5,5,4,4,5,4,4,5,3,4,5,3
7/18/2025 15:43:44,Yes,Female,5,,,,,,,,,,,,,,,,,,,,,,,,,,,,,,,,,,,,,,,,,,,A-,B,B+,A-,B+,B+,C,4,5,3,4,3,4,5,5,4,4,4,5,4,3,3,A-,B,B,B+,A+,B+,B,D+,3,2,4,1,4,5,5,3,5,3,2,3,3,2,5,B+,B,B+,C,A,A+,C,3,3,1,5,3,2,4,1,4,4,2,5,5,2,3,A-,A-,B+,B+,B,C-,B+,5,3,5,4,5,3,2,2,4,4,3,1,3,3,1
7/18/2025 16:03:26,Yes,Female,6,,,,,,,,,,,,,,,,,,,,,A+,A+,A-,C,C-,A-,A,2,1,1,1,2,2,2,1,1,2,2,2,1,1,2,A,A,A-,A,C-,A+,D+,5,1,2,4,4,3,1,2,4,2,1,3,1,4,1,B+,A-,A-,A,C-,A+,B+,A+,2,4,4,3,2,3,4,3,1,3,3,4,5,2,2,B+,A,A+,C-,C+,C-,C,1,5,4,5,3,4,2,3,3,2,1,2,5,4,5,A-,B+,A-,A+,B+,C+,B-,5,4,3,1,4,4,5,2,1,1,4,3,2,3,2
7/18/2025 17:13:56,Yes,Male,6,,,,,,,,,,,,,,,,,,,,,A,A,A+,C+,B,B+,B,5,5,5,3,3,3,4,3,3,3,5,4,4,3,5,B+,A+,A+,A,C-,B+,B,1,3,4,1,4,1,4,5,5,5,1,3,2,4,1,A+,A-,A-,B+,C-,B+,D+,A-,3,1,4,2,5,2,5,2,3,3,3,5,4,3,1,A+,A-,B+,C,B+,B+,A+,2,5,4,4,5,4,3,4,3,1,5,2,4,4,5,B+,B+,B+,A-,A,B-,C,2,2,1,5,4,5,4,1,1,2,2,2,1,5,4
7/18/2025 20:12:25,Yes,Female,2,,,,,,,,,,,,,,,,,,,,,,,,,,,,,,,,,,,,,,,,,,,,,,,,,,,,,,,,,,,,,,,,,,,,,,,,,,,,,,,,,,,,,,,,,,,,,,,,,,,,,,,,,,,,,,B-,C+,B-,C+,C,A-,B-,3,3,4,5,5,5,3,4,3,3,3,5,5,5,4
7/18/2025 22:41:38,Yes,Female,6,,,,,,,,,,,,,,,,,,,,,B,A-,A-,B,C,A-,B,1,1,1,2,1,2,1,1,2,1,1,1,2,1,2,B+,A-,A-,B+,A+,B+,B-,5,1,1,2,3,1,3,4,4,3,5,3,2,1,1,B,B+,B,B+,A,B+,A-,D+,4,3,1,4,1,2,3,1,3,3,4,2,4,2,1,B+,B,A-,C,C+,D+,C+,3,1,4,4,5,4,3,1,1,3,3,2,2,2,3,B,B,A-,B+,B+,B,A-,4,2,4,2,5,2,3,4,2,4,1,1,3,3,4
7/19/2025 0:09:38,Yes,Male,6,,,,,,,,,,,,,,,,,,,,,C,C,C+,B+,A+,B-,C+,5,4,4,3,5,3,4,5,3,5,3,5,4,4,5,C,B-,C,C,B+,C+,B,5,2,5,3,3,5,1,4,4,1,2,1,3,5,4,C+,B-,C,C,B+,B-,C,B-,3,5,2,3,3,5,2,1,1,1,4,2,3,5,4,C,C+,C+,A,B,A+,A,1,1,4,2,5,5,3,4,3,1,5,4,2,4,1,C+,B-,C,C,B-,A,B-,2,3,1,5,3,4,2,3,3,2,1,5,2,1,5
7/19/2025 7:11:44,Yes,Female,6,,,,,,,,,,,,,,,,,,,,,A-,B,B+,A+,D+,B+,A,2,1,1,1,2,2,2,2,1,1,2,2,2,2,1,A-,B+,B,B,D+,B+,D+,1,4,1,2,1,3,4,1,5,5,5,3,5,3,3,A-,B+,A-,B+,C+,A-,C+,A+,2,1,3,5,1,4,4,1,2,1,3,4,3,4,3,B,B+,B+,B+,A+,D+,B+,4,1,5,2,5,1,4,1,4,1,5,1,5,5,3,A-,A-,A-,B,B,C+,A-,2,2,3,5,1,4,3,4,4,1,2,3,3,2,2
7/19/2025 17:24:50,Yes,Male,2,,,,,,,,,,,,,,,,,,,,,,,,,,,,,,,,,,,,,,,,,,,,,,,,,,,,,,,,,,,,,,,,,,,,,,,,,,,,,,,,,,,,,,,,,,,,,,,,,,,,,,,,,,,,,,C+,B-,C,B-,C,C-,C,2,1,2,1,1,2,2,1,2,2,1,2,2,1,1
7/20/2025 21:12:38,Yes,Female,5,,,,,,,,,,,,,,,,,,,,,,,,,,,,,,,,,,,,,,,,,,,C,C+,C,C+,A+,B-,B,4,4,3,5,4,4,3,3,5,4,5,4,5,3,4,B-,B-,C,C,D+,C,C+,C+,1,1,1,1,3,5,5,5,3,2,5,5,1,3,1,C+,B-,C,A,A+,B-,A,5,2,2,4,1,5,2,4,1,1,4,1,3,5,3,B-,B-,C,C+,B-,D+,A+,5,3,2,4,1,2,4,2,5,4,5,1,5,2,3
7/21/2025 4:30:09,Yes,Male,1,,,,,,,,,,,,,,,,,,,,,,,,,,,,,,,,,,,,,,,,,,,,,,,,,,,,,,,,,,,,,,,,,,,,,,,,,,,,,,,,,,,,,,,,,,,,,,,,,,,,,,,,,,,,,,,,,,,,,,,,,,,,,,,,,,,
7/21/2025 16:32:25,Yes,Male,5,,,,,,,,,,,,,,,,,,,,,,,,,,,,,,,,,,,,,,,,,,,C+,C+,B-,B-,B,C,B,2,1,1,1,2,1,2,1,1,2,1,2,1,1,2,C+,C+,B-,C+,A-,C+,B,B,2,1,2,4,2,5,1,1,5,1,1,4,1,1,3,C,C+,B-,C-,B-,D+,B+,2,2,4,1,2,5,3,3,5,1,4,5,5,1,4,B-,C,B-,C+,C+,B,A+,4,4,2,3,2,3,1,5,5,5,5,1,3,1,2
7/22/2025 1:33:40,Yes,Female,6,,,,,,,,,,,,,,,,,,,,,C+,C+,B-,A+,B,C+,C,2,2,2,2,2,1,2,2,2,1,2,1,1,1,1,B-,B-,B-,C+,B+,C+,C+,3,1,5,4,3,3,3,5,2,1,3,3,4,3,5,C,C,B-,C,B-,C+,A,D+,2,2,5,3,4,3,3,5,4,3,5,4,3,4,5,B-,B-,C,C,C,B-,C-,3,2,3,2,2,2,1,4,4,5,1,1,1,4,1,C+,C,C+,C+,C,A+,C,3,2,5,4,1,5,2,1,5,3,1,1,2,3,3
7/22/2025 12:37:34,Yes,Female,1,,,,,,,,,,,,,,,,,,,,,,,,,,,,,,,,,,,,,,,,,,,,,,,,,,,,,,,,,,,,,,,,,,,,,,,,,,,,,,,,,,,,,,,,,,,,,,,,,,,,,,,,,,,,,,,,,,,,,,,,,,,,,,,,,,,
7/22/2025 14:16:11,Yes,Female,2,,,,,,,,,,,,,,,,,,,,,,,,,,,,,,,,,,,,,,,,,,,,,,,,,,,,,,,,,,,,,,,,,,,,,,,,,,,,,,,,,,,,,,,,,,,,,,,,,,,,,,,,,,,,,,B+,B,B,B,A-,C-,B-,3,4,4,3,3,5,5,3,4,4,4,4,4,5,4
7/22/2025 14:39:40,Yes,Male,3,,,,,,,,,,,,,,,,,,,,,,,,,,,,,,,,,,,,,,,,,,,,,,,,,,,,,,,,,,,,,,,,,,,,,,,,,,,,,,,,,,,,,,,,B,A-,B+,B,A-,B,C-,1,2,2,2,2,2,1,2,2,1,1,2,1,2,2,A-,B,B,B+,B+,A-,B-,5,5,3,1,4,5,5,1,1,1,3,5,2,2,2
7/22/2025 22:07:58,Yes,Female,1,,,,,,,,,,,,,,,,,,,,,,,,,,,,,,,,,,,,,,,,,,,,,,,,,,,,,,,,,,,,,,,,,,,,,,,,,,,,,,,,,,,,,,,,,,,,,,,,,,,,,,,,,,,,,,,,,,,,,,,,,,,,,,,,,,,
7/23/2025 0:41:52,Yes,Male,5,,,,,,,,,,,,,,,,,,,,,,,,,,,,,,,,,,,,,,,,,,,C,B-,C,B-,C-,C,B,1,2,1,2,2,1,2,2,1,1,1,1,2,1,2,B-,C+,C,C+,C-,C,A+,A+,5,5,2,2,4,3,1,1,1,2,4,5,2,1,4,C+,C,C+,B+,B+,D+,C+,2,3,2,2,4,1,4,3,2,2,1,2,2,5,1,B-,B-,C,B-,C+,B+,C+,5,3,2,3,3,1,3,1,5,2,1,4,1,3,2
7/23/2025 7:38:04,Yes,Female,4,,,,,,,,,,,,,,,,,,,,,,,,,,,,,,,,,,,,,,,,,,,,,,,,,,,,,,,,,,,,,,,,,B+,A+,A-,A-,B-,A+,D+,A+,1,1,2,1,2,1,2,2,2,2,1,2,1,1,1,A+,A,A-,A+,B+,A+,B+,4,1,4,4,1,5,1,2,2,3,4,4,5,1,2,A,A+,B+,A-,A,B,A-,1,1,2,3,2,5,1,5,3,4,2,5,1,2,1
7/23/2025 10:43:13,Yes,Male,5,,,,,,,,,,,,,,,,,,,,,,,,,,,,,,,,,,,,,,,,,,,B-,B-,C,C,B-,B-,A+,2,2,1,2,2,1,2,2,2,2,2,1,2,2,2,B-,C,B-,B-,A+,B-,B-,B-,1,4,1,4,3,1,4,1,1,1,1,3,4,5,3,C+,C+,C,C,C,B+,C+,5,3,3,3,3,4,5,3,5,5,2,2,4,4,5,B-,C+,C+,C,C+,B+,B-,1,4,4,1,5,3,1,2,5,2,3,2,4,1,1
7/23/2025 16:27:54,Yes,Male,4,,,,,,,,,,,,,,,,,,,,,,,,,,,,,,,,,,,,,,,,,,,,,,,,,,,,,,,,,,,,,,,,,B+,B,B+,B+,C-,B+,B,D+,2,1,1,2,2,2,2,1,2,1,1,1,1,1,1,B+,A-,B,B-,D+,C-,A,1,2,1,5,5,1,2,2,2,4,3,1,3,4,1,A-,B+,B+,A-,B,A-,B,4,2,5,5,1,3,1,5,4,4,2,4,4,2,4
7/23/2025 20:01:31,Yes,Female,6,,,,,,,,,,,,,,,,,,,,,B+,B+,B,C,C,B+,A,4,4,3,4,4,4,4,4,3,4,4,4,4,5,4,B+,B,B,A-,C+,A-,B+,3,2,3,5,3,2,4,4,5,5,1,5,1,5,2,B,A-,A-,A-,C,A-,B+,B-,1,5,5,1,3,1,4,5,1,4,2,5,1,4,1,B+,B,A-,C,A-,D+,B,5,2,2,3,3,5,4,1,3,5,3,2,3,1,1,B,B+,B+,B+,B,D+,B-,5,1,1,5,3,3,5,3,1,2,5,2,1,2,5
7/23/2025 22:07:11,Yes,Male,3,,,,,,,,,,,,,,,,,,,,,,,,,,,,,,,,,,,,,,,,,,,,,,,,,,,,,,,,,,,,,,,,,,,,,,,,,,,,,,,,,,,,,,,,C+,C,C,B-,A+,B-,C+,4,4,3,3,5,3,3,3,5,4,5,4,3,5,5,A-,B+,B+,B+,A-,A-,A-,1,1,4,4,5,4,4,1,5,5,3,5,5,4,4
7/23/2025 22:12:10,Yes,Female,6,,,,,,,,,,,,,,,,,,,,,B-,C,B-,A,A-,C,A,5,5,3,4,5,4,5,4,4,3,3,5,4,3,4,C,C,C+,C+,B+,C+,C+,1,3,2,3,4,4,4,1,2,5,3,1,3,1,5,C+,C,B-,C+,D+,C,B,A+,5,1,1,2,2,5,3,5,3,4,3,5,5,4,1,C+,C+,C+,A-,A,A-,A,1,1,1,2,3,5,5,5,3,2,5,5,4,2,2,B-,C+,C,C+,C+,B,C-,1,4,2,2,4,5,3,4,2,5,4,5,2,2,3
7/24/2025 8:19:26,Yes,Male,4,,,,,,,,,,,,,,,,,,,,,,,,,,,,,,,,,,,,,,,,,,,,,,,,,,,,,,,,,,,,,,,,,A,A,A,A,B-,B+,C,A,3,3,5,5,5,5,3,5,3,3,4,4,4,5,5,A,A-,A+,B+,B,A-,A-,3,5,3,5,4,3,3,5,5,5,4,4,5,3,5,A,A,A+,A,B+,A+,C,1,1,4,4,5,1,2,5,2,2,3,5,2,4,5
7/24/2025 9:30:35,Yes,Female,6,,,,,,,,,,,,,,,,,,,,,C+,B-,C,B+,C+,C,B+,3,4,3,3,3,3,5,5,5,3,3,4,3,5,3,C,C+,C+,B-,A-,B-,B,5,3,3,5,2,4,4,2,2,4,5,4,3,1,4,B-,C+,B-,B-,C-,C+,A+,B,2,3,5,4,4,2,1,1,5,3,4,3,2,3,2,B-,C+,B-,B,C+,C+,B,2,2,5,1,4,3,2,5,1,3,1,5,5,4,4,B-,C,C,C+,B-,C-,B-,1,3,1,5,1,4,4,2,5,5,3,1,3,1,1
7/24/2025 18:31:57,Yes,Female,1,,,,,,,,,,,,,,,,,,,,,,,,,,,,,,,,,,,,,,,,,,,,,,,,,,,,,,,,,,,,,,,,,,,,,,,,,,,,,,,,,,,,,,,,,,,,,,,,,,,,,,,,,,,,,,,,,,,,,,,,,,,,,,,,,,,
7/25/2025 4:23:16,Yes,Female,6,,,,,,,,,,,,,,,,,,,,,B+,A-,A+,B-,B+,B+,D+,1,1,1,1,2,1,2,1,1,1,2,1,2,1,1,A+,A-,A,A-,B+,A-,C+,5,3,1,1,3,2,1,4,5,2,5,4,2,2,3,A+,A+,B+,A,A+,A+,A+,D+,4,3,2,2,4,2,2,2,4,4,3,1,1,3,3,B+,A-,A+,A+,C+,B+,B+,2,5,2,3,2,3,5,5,4,1,4,2,1,5,4,A-,A,A,B+,A,C-,B+,1,2,5,4,3,3,3,4,2,4,2,3,3,2,3
7/25/2025 5:29:53,Yes,Female,3,,,,,,,,,,,,,,,,,,,,,,,,,,,,,,,,,,,,,,,,,,,,,,,,,,,,,,,,,,,,,,,,,,,,,,,,,,,,,,,,,,,,,,,,B+,B,B+,A-,B+,B+,B-,3,4,5,4,5,3,4,5,4,5,5,3,4,5,3,A-,A+,A,A,B+,C,B,3,3,4,3,4,3,2,4,5,5,2,5,3,2,2
7/25/2025 16:09:35,Yes,Female,4,,,,,,,,,,,,,,,,,,,,,,,,,,,,,,,,,,,,,,,,,,,,,,,,,,,,,,,,,,,,,,,,,A-,B+,A+,A,B+,B+,C,C-,1,1,2,2,1,1,1,2,1,2,1,2,1,1,2,A+,A,A+,A,A,B-,B+,3,5,1,3,1,2,1,2,2,1,5,4,2,1,4,A,A+,A-,A-,B+,C+,A-,3,2,4,1,4,4,5,1,2,4,2,4,2,4,2
7/25/2025 22:28:01,Yes,Male,1,,,,,,,,,,,,,,,,,,,,,,,,,,,,,,,,,,,,,,,,,,,,,,,,,,,,,,,,,,,,,,,,,,,,,,,,,,,,,,,,,,,,,,,,,,,,,,,,,,,,,,,,,,,,,,,,,,,,,,,,,,,,,,,,,,,
7/25/2025 23:04:33,Yes,Female,5,,,,,,,,,,,,,,,,,,,,,,,,,,,,,,,,,,,,,,,,,,,A-,A,A,A+,A+,A+,B,4,3,5,4,5,4,4,3,5,5,5,3,5,4,4,A,A-,A+,A,A+,A-,A-,B+,1,5,1,1,1,2,4,3,1,1,3,2,3,5,3,B+,A+,B+,B-,B,C+,D+,3,5,5,4,4,2,3,5,1,1,5,1,2,2,1,A+,A-,B+,A,A+,B-,D+,2,1,4,3,3,4,2,1,4,1,1,3,5,2,4
7/26/2025 0:17:22,Yes,Male,2,,,,,,,,,,,,,,,,,,,,,,,,,,,,,,,,,,,,,,,,,,,,,,,,,,,,,,,,,,,,,,,,,,,,,,,,,,,,,,,,,,,,,,,,,,,,,,,,,,,,,,,,,,,,,,B-,C,C+,C+,B-,C+,B-,4,3,4,4,3,3,3,4,5,5,5,3,3,3,4
7/26/2025 4:35:09,Yes,Male,7,C+,B,B,B-,A-,4,5,3,5,3,3,4,4,5,5,5,5,5,3,4,A+,A-,A-,C,B,A,B+,1,1,4,3,1,1,5,5,4,3,1,3,5,5,1,B+,A-,A,A,C-,B+,C-,1,5,3,5,2,3,4,3,3,1,4,5,3,2,1,B+,B+,A-,A+,A,A,B,B-,4,3,1,5,4,2,5,3,1,5,2,1,3,1,2,A+,A+,A-,A,A,A-,D+,1,4,4,3,1,5,4,2,3,2,4,3,5,2,5,A-,A+,B+,B+,B+,D+,A-,4,1,1,3,2,2,2,5,5,1,1,2,2,1,3
7/26/2025 10:43:15,Yes,Male,6,,,,,,,,,,,,,,,,,,,,,C,C,B-,B+,C-,B-,D+,5,4,4,3,5,4,4,4,4,3,5,4,5,4,3,C,C,B-,C,B,C+,B,3,2,1,4,1,1,1,2,4,1,2,5,2,1,5,C+,C+,C+,C+,A+,C+,A,B,4,3,4,1,2,3,2,5,4,3,2,1,5,2,5,C+,B-,C,B-,B+,C,A+,3,5,3,4,5,2,4,1,5,4,1,1,3,2,1,C,C+,B-,C+,B-,B-,C-,2,3,2,1,2,5,2,3,3,3,2,1,1,3,2
7/26/2025 16:57:55,Yes,Male,7,B,B,C+,B+,A-,2,2,2,2,2,2,3,1,1,2,2,1,1,1,2,C,B-,C+,A,B,C,B,4,2,4,2,4,3,2,1,3,4,1,2,2,2,1,C+,C,C+,B-,C+,C,A+,4,5,5,3,4,3,5,3,5,4,1,5,2,5,5,C+,C+,B-,C,A-,C+,C+,B-,3,5,3,3,3,3,1,5,2,3,4,3,4,1,5,C+,C,C+,B-,B,C-,B+,1,4,5,2,3,1,5,3,1,5,4,3,1,4,1,B-,C+,C,C,B-,A,B-,3,3,1,3,3,4,5,2,1,5,5,2,5,5,3
7/26/2025 17:44:11,Yes,Male,3,,,,,,,,,,,,,,,,,,,,,,,,,,,,,,,,,,,,,,,,,,,,,,,,,,,,,,,,,,,,,,,,,,,,,,,,,,,,,,,,,,,,,,,,B,B,A-,B+,B+,A-,A-,4,4,5,5,4,5,5,5,5,4,3,3,3,3,5,C+,B-,C+,B-,B-,B-,C-,5,3,5,1,2,4,5,4,3,5,1,1,5,3,1
7/26/2025 21:50:31,Yes,Female,6,,,,,,,,,,,,,,,,,,,,,C+,C,B-,C+,C+,B-,A+,1,1,2,2,2,1,1,1,1,1,1,1,2,1,2,C,B-,C,B-,A+,C,A+,4,2,3,4,2,1,5,3,1,5,2,2,5,2,5,B-,C+,C,C+,A-,B-,A,B+,2,3,3,2,1,4,2,2,1,3,4,4,2,1,4,B-,B-,B-,B,D+,A+,A-,4,3,1,4,1,1,3,5,4,4,1,2,5,5,2,B-,C,B-,C,C,C+,D+,2,5,2,1,5,5,1,3,1,5,1,2,4,4,1
7/26/2025 23:26:49,Yes,Male,3,,,,,,,,,,,,,,,,,,,,,,,,,,,,,,,,,,,,,,,,,,,,,,,,,,,,,,,,,,,,,,,,,,,,,,,,,,,,,,,,,,,,,,,,B+,B,A-,B+,B-,B+,B-,1,1,1,2,2,2,1,1,1,2,2,2,1,1,2,B+,B,B+,B,B,B,D+,3,4,3,2,4,4,4,5,2,1,3,5,2,2,5
7/27/2025 6:36:09,Yes,Female,6,,,,,,,,,,,,,,,,,,,,,A-,A-,B,B,C+,B+,A-,2,1,2,2,2,2,1,1,1,2,2,1,1,1,2,A-,A-,B,B,C+,A-,A+,5,4,1,3,2,4,4,5,2,5,1,2,4,2,5,A-,B,A-,B,B+,A-,D+,C+,5,1,1,2,1,3,5,1,2,3,3,1,1,3,3,B+,B+,A-,A+,D+,D+,C,2,3,5,3,1,3,5,2,4,2,1,4,3,5,5,B,B,B+,B+,A-,D+,B+,1,1,4,3,1,4,5,5,3,3,2,3,4,2,3
7/27/2025 8:42:21,Yes,Male,5,,,,,,,,,,,,,,,,,,,,,,,,,,,,,,,,,,,,,,,,,,,B-,C+,C,C+,C+,B-,C-,5,4,3,4,3,3,5,3,5,5,5,5,5,5,5,B-,B-,B-,C+,C,C+,B-,C,3,4,4,4,5,5,3,5,1,5,4,5,3,3,5,B-,C+,C+,C,C,D+,B,4,2,3,5,1,2,5,4,2,1,1,1,2,4,1,C+,C+,B-,B-,C,B,A-,3,3,5,1,3,4,4,5,3,1,2,2,3,3,4
7/27/2025 12:07:40,Yes,Female,6,,,,,,,,,,,,,,,,,,,,,B+,B+,A+,C,A,A-,A,2,2,1,1,1,2,1,1,2,1,2,2,1,2,2,A-,A,B+,B+,B+,A+,B,5,5,2,1,1,4,5,2,2,2,3,4,3,4,1,A+,A-,A-,A-,C+,A,B,C-,1,3,4,4,3,1,3,4,5,1,2,2,5,3,5,A-,A,A,B-,A,C,C+,3,5,2,3,2,1,2,5,5,3,1,1,3,5,3,A+,A+,A-,A+,B+,B+,A,5,3,1,4,1,4,4,5,3,1,5,5,1,5,1
7/27/2025 16:13:19,Yes,Female,6,,,,,,,,,,,,,,,,,,,,,B-,C,C+,B,B,B-,A-,4,5,3,5,3,3,4,3,5,4,3,5,5,3,4,B-,C+,C+,B-,A,C+,C+,3,2,4,3,5,2,1,1,2,5,5,1,1,5,4,B-,C,C+,B-,C-,C,D+,D+,3,3,2,4,2,2,1,5,4,1,4,5,1,5,5,C+,C,C+,D+,B,A+,D+,1,3,2,3,1,5,4,5,2,1,1,3,5,3,5,B-,B-,B-,C,C,C+,B-,4,5,5,3,3,1,4,3,5,1,1,3,5,2,1
7/27/2025 18:57:51,Yes,Male,4,,,,,,,,,,,,,,,,,,,,,,,,,,,,,,,,,,,,,,,,,,,,,,,,,,,,,,,,,,,,,,,,,A,A+,A+,A+,C+,A,A-,A,5,5,5,3,5,5,3,5,5,3,3,4,4,3,3,A,A+,A+,C,A-,A,A+,1,5,2,4,2,2,4,5,3,5,2,2,4,1,2,A,A-,A-,A+,B+,B-,C-,3,4,1,3,5,1,3,1,3,1,3,3,3,5,3
7/28/2025 0:30:53,Yes,Female,6,,,,,,,,,,,,,,,,,,,,,B+,A-,B,C,C-,B,B+,1,2,1,1,1,2,1,1,2,1,2,2,2,1,1,A-,B+,A-,A-,A+,A-,B+,3,5,5,1,3,5,5,3,1,3,5,3,2,2,5,B+,A-,B,B,B,B,B-,B+,3,3,5,2,3,1,5,1,3,2,2,5,5,5,1,B+,B+,B,B,A+,A+,C+,4,2,1,2,1,5,3,3,2,1,3,2,5,4,4,A-,A-,A-,B,A-,A-,C+,1,2,4,3,5,4,2,2,1,1,1,3,2,1,4
7/28/2025 10:46:24,Yes,Male,2,,,,,,,,,,,,,,,,,,,,,,,,,,,,,,,,,,,,,,,,,,,,,,,,,,,,,,,,,,,,,,,,,,,,,,,,,,,,,,,,,,,,,,,,,,,,,,,,,,,,,,,,,,,,,,A-,A,A+,A+,A+,B-,B-,2,1,1,1,1,1,2,1,2,1,2,2,1,1,2
7/28/2025 12:29:16,Yes,Male,3,,,,,,,,,,,,,,,,,,,,,,,,,,,,,,,,,,,,,,,,,,,,,,,,,,,,,,,,,,,,,,,,,,,,,,,,,,,,,,,,,,,,,,,,A-,B,B+,A-,B+,B+,C,4,5,3,4,3,4,5,5,4,4,4,5,4,3,3,C,B-,B-,C,B-,D+,C,1,1,2,2,2,4,2,3,4,1,2,5,5,2,4
7/28/2025 13:59:58,Yes,Male,1,,,,,,,,,,,,,,,,,,,,,,,,,,,,,,,,,,,,,,,,,,,,,,,,,,,,,,,,,,,,,,,,,,,,,,,,,,,,,,,,,,,,,,,,,,,,,,,,,,,,,,,,,,,,,,,,,,,,,,,,,,,,,,,,,,,
7/28/2025 22:46:57,Yes,Male,3,,,,,,,,,,,,,,,,,,,,,,,,,,,,,,,,,,,,,,,,,,,,,,,,,,,,,,,,,,,,,,,,,,,,,,,,,,,,,,,,,,,,,,,,C+,C+,B-,B-,B,C,B,2,1,1,1,2,1,2,1,1,2,1,2,1,1,2,A,B+,A,A,A,A-,A+,2,5,4,5,5,4,4,5,2,5,4,2,5,5,4
7/29/2025 13:46:54,Yes,Male,1,,,,,,,,,,,,,,,,,,,,,,,,,,,,,,,,,,,,,,,,,,,,,,,,,,,,,,,,,,,,,,,,,,,,,,,,,,,,,,,,,,,,,,,,,,,,,,,,,,,,,,,,,,,,,,,,,,,,,,,,,,,,,,,,,,,
7/29/2025 15:41:02,Yes,Male,3,,,,,,,,,,,,,,,,,,,,,,,,,,,,,,,,,,,,,,,,,,,,,,,,,,,,,,,,,,,,,,,,,,,,,,,,,,,,,,,,,,,,,,,,B,A-,B+,A-,D+,A-,B,3,4,3,3,5,4,3,4,3,4,5,3,3,3,4,A,A,A,A-,A,A+,A,2,5,4,3,1,3,3,4,1,4,4,3,5,2,1
7/29/2025 16:21:47,Yes,Female,1,,,,,,,,,,,,,,,,,,,,,,,,,,,,,,,,,,,,,,,,,,,,,,,,,,,,,,,,,,,,,,,,,,,,,,,,,,,,,,,,,,,,,,,,,,,,,,,,,,,,,,,,,,,,,,,,,,,,,,,,,,,,,,,,,,,
7/29/2025 19:11:36,Yes,Female,6,,,,,,,,,,,,,,,,,,,,,B,B,A-,C,B-,A-,A-,5,5,4,4,3,3,3,5,3,4,4,4,4,4,3,A-,B,A-,B+,C+,B+,C-,3,2,2,1,3,5,4,2,4,2,2,2,2,5,1,B+,A-,B+,A-,A+,B+,D+,D+,5,4,5,2,4,3,3,3,5,2,4,4,3,3,2,A-,B,B,B,B-,C,B,4,1,3,3,4,3,2,5,2,5,3,2,3,2,4,B+,A-,A-,A-,A-,B,B+,3,4,4,1,1,2,2,3,1,5,3,4,1,4,3
7/30/2025 4:17:48,Yes,Female,2,,,,,,,,,,,,,,,,,,,,,,,,,,,,,,,,,,,,,,,,,,,,,,,,,,,,,,,,,,,,,,,,,,,,,,,,,,,,,,,,,,,,,,,,,,,,,,,,,,,,,,,,,,,,,,A-,B,A-,A-,B+,B-,B,4,4,5,3,3,3,5,3,5,4,5,5,5,5,4
7/30/2025 5:33:29,Yes,Female,3,,,,,,,,,,,,,,,,,,,,,,,,,,,,,,,,,,,,,,,,,,,,,,,,,,,,,,,,,,,,,,,,,,,,,,,,,,,,,,,,,,,,,,,,B+,A+,B+,A+,B,A,A-,4,5,4,4,5,5,4,5,4,4,3,5,4,5,3,A-,B,B+,A-,B,A+,C,2,1,3,5,2,4,3,3,1,5,1,4,2,1,4
7/30/2025 5:41:48,Yes,Female,6,,,,,,,,,,,,,,,,,,,,,C+,C,C,C+,C+,C,D+,3,4,5,5,5,5,5,3,4,4,5,4,3,5,4,C+,C,C+,C,A-,B-,C,5,2,5,5,1,5,3,1,5,4,1,4,2,1,4,C,C+,C+,B-,B,C,A+,B,5,2,5,3,2,1,3,2,3,5,3,4,5,4,2,C,C,C,C+,D+,C,C-,2,1,4,1,5,3,2,1,3,3,5,4,2,2,3,C+,B-,B-,C+,C,A,B,1,2,4,1,4,3,2,2,2,1,5,1,4,3,1
7/30/2025 10:13:50,Yes,Male,1,,,,,,,,,,,,,,,,,,,,,,,,,,,,,,,,,,,,,,,,,,,,,,,,,,,,,,,,,,,,,,,,,,,,,,,,,,,,,,,,,,,,,,,,,,,,,,,,,,,,,,,,,,,,,,,,,,,,,,,,,,,,,,,,,,,
7/30/2025 12:37:40,Yes,Female,6,,,,,,,,,,,,,,,,,,,,,B+,B+,A+,A-,C+,B+,B,3,4,5,3,5,3,5,3,3,4,3,4,4,4,5,B+,B+,A,A-,A+,A+,A-,5,3,2,2,2,1,5,4,2,5,3,4,3,2,1,A+,A,A+,A+,C,A-,B+,A+,5,3,3,1,4,2,1,3,2,2,1,1,1,5,2,B+,A,B+,A,A+,C-,A,1,2,3,3,1,4,2,3,4,1,4,1,3,1,4,A,B+,A+,B+,A,C,B,1,1,5,5,2,4,5,5,4,3,3,4,5,5,2
7/30/2025 13:47:40,Yes,Female,6,,,,,,,,,,,,,,,,,,,,,A-,A-,B+,C,A-,A+,B+,4,4,4,3,4,4,3,5,5,5,5,5,3,5,4,A+,A+,B+,A-,B-,A+,C-,3,5,3,4,1,4,4,3,3,3,3,2,4,4,1,A,A-,A,A-,C+,A+,A+,C,1,3,1,2,2,2,3,1,2,4,1,5,2,4,1,A,A+,A+,D+,A-,C+,C,3,4,3,4,5,3,5,2,4,5,1,3,1,3,2,A+,B+,B+,A+,A,A-,D+,2,4,4,3,3,4,2,2,3,5,1,1,5,5,4
7/30/2025 18:05:32,Yes,Female,1,,,,,,,,,,,,,,,,,,,,,,,,,,,,,,,,,,,,,,,,,,,,,,,,,,,,,,,,,,,,,,,,,,,,,,,,,,,,,,,,,,,,,,,,,,,,,,,,,,,,,,,,,,,,,,,,,,,,,,,,,,,,,,,,,,,
7/31/2025 17:18:33,Yes,Male,6,,,,,,,,,,,,,,,,,,,,,C+,C+,C,A+,B-,C+,A-,5,5,5,3,4,5,3,5,4,3,3,3,4,5,4,C,C,C,C,C,C,B-,4,4,2,4,2,3,3,1,5,5,1,2,3,5,3,C,C+,C+,C+,A+,C,A-,A+,4,1,3,4,2,2,4,5,1,1,5,1,5,4,2,C+,B-,C,C+,A,C,C+,4,1,5,2,3,2,5,5,4,2,5,5,2,1,3,C+,B-,B-,B-,C+,A,A,2,2,3,4,2,3,4,2,2,4,3,5,1,4,2